index,GHO (CODE),GHO (DISPLAY),GHO (URL),PUBLISHSTATE (CODE),PUBLISHSTATE (DISPLAY),PUBLISHSTATE (URL),YEAR (CODE),YEAR (DISPLAY),YEAR (URL),REGION (CODE),REGION (DISPLAY),REGION (URL),COUNTRY (CODE),STARTYEAR,ENDYEAR,COUNTRY (DISPLAY),COUNTRY (URL),SEX (CODE),SEX (DISPLAY),SEX (URL),GHECAUSES (CODE),GHECAUSES (DISPLAY),GHECAUSES (URL),Display Value,Numeric,Low,High,StdErr,StdDev,Comments
0,#indicator+code,#indicator+name,#indicator+url,#status+code,#status+name,,,#date+year,,#region+code,#region+name,,#country+code,#date+year+start,#date+year+end,#country+name,,#sex+code,#sex+name,,,,,,#indicator+value+num,,,,,
1,SDG_SH_DTH_RNCOM,"Number of deaths attributed to non-communicable diseases, by type of disease and sex",https://www.who.int/data/gho/indicator-metadata-registry/imr-details/36,PUBLISHED,Published,,2000.0,2000,,EUR,Europe,,TUR,2000,2000,Turkey,,FMLE,Female,,GHE061,Malignant neoplasms,,32165.0,32165.00000,,,,,"Global Health Estimates 2016: Deaths by Cause, Age, Sex, by Country and by Region, 2000-2016. Geneva, World Health Organization, 2018"
2,SDG_SH_DTH_RNCOM,"Number of deaths attributed to non-communicable diseases, by type of disease and sex",https://www.who.int/data/gho/indicator-metadata-registry/imr-details/36,PUBLISHED,Published,,2000.0,2000,,EUR,Europe,,TUR,2000,2000,Turkey,,MLE,Male,,GHE061,Malignant neoplasms,,54379.0,54379.00000,,,,,"Global Health Estimates 2016: Deaths by Cause, Age, Sex, by Country and by Region, 2000-2016. Geneva, World Health Organization, 2018"
3,SDG_SH_DTH_RNCOM,"Number of deaths attributed to non-communicable diseases, by type of disease and sex",https://www.who.int/data/gho/indicator-metadata-registry/imr-details/36,PUBLISHED,Published,,2000.0,2000,,EUR,Europe,,TUR,2000,2000,Turkey,,BTSX,Both sexes,,GHE061,Malignant neoplasms,,86545.0,86545.00000,,,,,"Global Health Estimates 2016: Deaths by Cause, Age, Sex, by Country and by Region, 2000-2016. Geneva, World Health Organization, 2018"
4,SDG_SH_DTH_RNCOM,"Number of deaths attributed to non-communicable diseases, by type of disease and sex",https://www.who.int/data/gho/indicator-metadata-registry/imr-details/36,PUBLISHED,Published,,2000.0,2000,,EUR,Europe,,TUR,2000,2000,Turkey,,FMLE,Female,,GHE110,Cardiovascular diseases,,54843.0,54843.00000,,,,,"Global Health Estimates 2016: Deaths by Cause, Age, Sex, by Country and by Region, 2000-2016. Geneva, World Health Organization, 2018"
5,SDG_SH_DTH_RNCOM,"Number of deaths attributed to non-communicable diseases, by type of disease and sex",https://www.who.int/data/gho/indicator-metadata-registry/imr-details/36,PUBLISHED,Published,,2000.0,2000,,EUR,Europe,,TUR,2000,2000,Turkey,,MLE,Male,,GHE110,Cardiovascular diseases,,64674.0,64674.00000,,,,,"Global Health Estimates 2016: Deaths by Cause, Age, Sex, by Country and by Region, 2000-2016. Geneva, World Health Organization, 2018"
6,SDG_SH_DTH_RNCOM,"Number of deaths attributed to non-communicable diseases, by type of disease and sex",https://www.who.int/data/gho/indicator-metadata-registry/imr-details/36,PUBLISHED,Published,,2000.0,2000,,EUR,Europe,,TUR,2000,2000,Turkey,,BTSX,Both sexes,,GHE110,Cardiovascular diseases,,119517.0,119517.00000,,,,,"Global Health Estimates 2016: Deaths by Cause, Age, Sex, by Country and by Region, 2000-2016. Geneva, World Health Organization, 2018"
7,SDG_SH_DTH_RNCOM,"Number of deaths attributed to non-communicable diseases, by type of disease and sex",https://www.who.int/data/gho/indicator-metadata-registry/imr-details/36,PUBLISHED,Published,,2000.0,2000,,EUR,Europe,,TUR,2000,2000,Turkey,,FMLE,Female,,GHE118,Chronic obstructive pulmonary disease,,6853.0,6853.00000,,,,,"Global Health Estimates 2016: Deaths by Cause, Age, Sex, by Country and by Region, 2000-2016. Geneva, World Health Organization, 2018"
8,SDG_SH_DTH_RNCOM,"Number of deaths attributed to non-communicable diseases, by type of disease and sex",https://www.who.int/data/gho/indicator-metadata-registry/imr-details/36,PUBLISHED,Published,,2000.0,2000,,EUR,Europe,,TUR,2000,2000,Turkey,,MLE,Male,,GHE118,Chronic obstructive pulmonary disease,,12237.0,12237.00000,,,,,"Global Health Estimates 2016: Deaths by Cause, Age, Sex, by Country and by Region, 2000-2016. Geneva, World Health Organization, 2018"
9,SDG_SH_DTH_RNCOM,"Number of deaths attributed to non-communicable diseases, by type of disease and sex",https://www.who.int/data/gho/indicator-metadata-registry/imr-details/36,PUBLISHED,Published,,2000.0,2000,,EUR,Europe,,TUR,2000,2000,Turkey,,BTSX,Both sexes,,GHE118,Chronic obstructive pulmonary disease,,19090.0,19090.00000,,,,,"Global Health Estimates 2016: Deaths by Cause, Age, Sex, by Country and by Region, 2000-2016. Geneva, World Health Organization, 2018"
10,SDG_SH_DTH_RNCOM,"Number of deaths attributed to non-communicable diseases, by type of disease and sex",https://www.who.int/data/gho/indicator-metadata-registry/imr-details/36,PUBLISHED,Published,,2000.0,2000,,EUR,Europe,,TUR,2000,2000,Turkey,,FMLE,Female,,GHE080,Diabetes mellitus,,9370.0,9370.00000,,,,,"Global Health Estimates 2016: Deaths by Cause, Age, Sex, by Country and by Region, 2000-2016. Geneva, World Health Organization, 2018"
11,SDG_SH_DTH_RNCOM,"Number of deaths attributed to non-communicable diseases, by type of disease and sex",https://www.who.int/data/gho/indicator-metadata-registry/imr-details/36,PUBLISHED,Published,,2000.0,2000,,EUR,Europe,,TUR,2000,2000,Turkey,,MLE,Male,,GHE080,Diabetes mellitus,,7019.0,7019.00000,,,,,"Global Health Estimates 2016: Deaths by Cause, Age, Sex, by Country and by Region, 2000-2016. Geneva, World Health Organization, 2018"
12,SDG_SH_DTH_RNCOM,"Number of deaths attributed to non-communicable diseases, by type of disease and sex",https://www.who.int/data/gho/indicator-metadata-registry/imr-details/36,PUBLISHED,Published,,2000.0,2000,,EUR,Europe,,TUR,2000,2000,Turkey,,BTSX,Both sexes,,GHE080,Diabetes mellitus,,16389.0,16389.00000,,,,,"Global Health Estimates 2016: Deaths by Cause, Age, Sex, by Country and by Region, 2000-2016. Geneva, World Health Organization, 2018"
13,SDG_SH_DTH_RNCOM,"Number of deaths attributed to non-communicable diseases, by type of disease and sex",https://www.who.int/data/gho/indicator-metadata-registry/imr-details/36,PUBLISHED,Published,,2005.0,2005,,EUR,Europe,,TUR,2005,2005,Turkey,,FMLE,Female,,GHE061,Malignant neoplasms,,32187.0,32187.00000,,,,,"Global Health Estimates 2016: Deaths by Cause, Age, Sex, by Country and by Region, 2000-2016. Geneva, World Health Organization, 2018"
14,SDG_SH_DTH_RNCOM,"Number of deaths attributed to non-communicable diseases, by type of disease and sex",https://www.who.int/data/gho/indicator-metadata-registry/imr-details/36,PUBLISHED,Published,,2005.0,2005,,EUR,Europe,,TUR,2005,2005,Turkey,,MLE,Male,,GHE061,Malignant neoplasms,,55836.0,55836.00000,,,,,"Global Health Estimates 2016: Deaths by Cause, Age, Sex, by Country and by Region, 2000-2016. Geneva, World Health Organization, 2018"
15,SDG_SH_DTH_RNCOM,"Number of deaths attributed to non-communicable diseases, by type of disease and sex",https://www.who.int/data/gho/indicator-metadata-registry/imr-details/36,PUBLISHED,Published,,2005.0,2005,,EUR,Europe,,TUR,2005,2005,Turkey,,BTSX,Both sexes,,GHE061,Malignant neoplasms,,88023.0,88023.00000,,,,,"Global Health Estimates 2016: Deaths by Cause, Age, Sex, by Country and by Region, 2000-2016. Geneva, World Health Organization, 2018"
16,SDG_SH_DTH_RNCOM,"Number of deaths attributed to non-communicable diseases, by type of disease and sex",https://www.who.int/data/gho/indicator-metadata-registry/imr-details/36,PUBLISHED,Published,,2005.0,2005,,EUR,Europe,,TUR,2005,2005,Turkey,,FMLE,Female,,GHE110,Cardiovascular diseases,,58883.0,58883.00000,,,,,"Global Health Estimates 2016: Deaths by Cause, Age, Sex, by Country and by Region, 2000-2016. Geneva, World Health Organization, 2018"
17,SDG_SH_DTH_RNCOM,"Number of deaths attributed to non-communicable diseases, by type of disease and sex",https://www.who.int/data/gho/indicator-metadata-registry/imr-details/36,PUBLISHED,Published,,2005.0,2005,,EUR,Europe,,TUR,2005,2005,Turkey,,MLE,Male,,GHE110,Cardiovascular diseases,,70599.0,70599.00000,,,,,"Global Health Estimates 2016: Deaths by Cause, Age, Sex, by Country and by Region, 2000-2016. Geneva, World Health Organization, 2018"
18,SDG_SH_DTH_RNCOM,"Number of deaths attributed to non-communicable diseases, by type of disease and sex",https://www.who.int/data/gho/indicator-metadata-registry/imr-details/36,PUBLISHED,Published,,2005.0,2005,,EUR,Europe,,TUR,2005,2005,Turkey,,BTSX,Both sexes,,GHE110,Cardiovascular diseases,,129482.0,129482.00000,,,,,"Global Health Estimates 2016: Deaths by Cause, Age, Sex, by Country and by Region, 2000-2016. Geneva, World Health Organization, 2018"
19,SDG_SH_DTH_RNCOM,"Number of deaths attributed to non-communicable diseases, by type of disease and sex",https://www.who.int/data/gho/indicator-metadata-registry/imr-details/36,PUBLISHED,Published,,2005.0,2005,,EUR,Europe,,TUR,2005,2005,Turkey,,FMLE,Female,,GHE118,Chronic obstructive pulmonary disease,,8264.0,8264.00000,,,,,"Global Health Estimates 2016: Deaths by Cause, Age, Sex, by Country and by Region, 2000-2016. Geneva, World Health Organization, 2018"
20,SDG_SH_DTH_RNCOM,"Number of deaths attributed to non-communicable diseases, by type of disease and sex",https://www.who.int/data/gho/indicator-metadata-registry/imr-details/36,PUBLISHED,Published,,2005.0,2005,,EUR,Europe,,TUR,2005,2005,Turkey,,MLE,Male,,GHE118,Chronic obstructive pulmonary disease,,15365.0,15365.00000,,,,,"Global Health Estimates 2016: Deaths by Cause, Age, Sex, by Country and by Region, 2000-2016. Geneva, World Health Organization, 2018"
21,SDG_SH_DTH_RNCOM,"Number of deaths attributed to non-communicable diseases, by type of disease and sex",https://www.who.int/data/gho/indicator-metadata-registry/imr-details/36,PUBLISHED,Published,,2005.0,2005,,EUR,Europe,,TUR,2005,2005,Turkey,,BTSX,Both sexes,,GHE118,Chronic obstructive pulmonary disease,,23629.0,23629.00000,,,,,"Global Health Estimates 2016: Deaths by Cause, Age, Sex, by Country and by Region, 2000-2016. Geneva, World Health Organization, 2018"
22,SDG_SH_DTH_RNCOM,"Number of deaths attributed to non-communicable diseases, by type of disease and sex",https://www.who.int/data/gho/indicator-metadata-registry/imr-details/36,PUBLISHED,Published,,2005.0,2005,,EUR,Europe,,TUR,2005,2005,Turkey,,FMLE,Female,,GHE080,Diabetes mellitus,,9764.0,9764.00000,,,,,"Global Health Estimates 2016: Deaths by Cause, Age, Sex, by Country and by Region, 2000-2016. Geneva, World Health Organization, 2018"
23,SDG_SH_DTH_RNCOM,"Number of deaths attributed to non-communicable diseases, by type of disease and sex",https://www.who.int/data/gho/indicator-metadata-registry/imr-details/36,PUBLISHED,Published,,2005.0,2005,,EUR,Europe,,TUR,2005,2005,Turkey,,MLE,Male,,GHE080,Diabetes mellitus,,7891.0,7891.00000,,,,,"Global Health Estimates 2016: Deaths by Cause, Age, Sex, by Country and by Region, 2000-2016. Geneva, World Health Organization, 2018"
24,SDG_SH_DTH_RNCOM,"Number of deaths attributed to non-communicable diseases, by type of disease and sex",https://www.who.int/data/gho/indicator-metadata-registry/imr-details/36,PUBLISHED,Published,,2005.0,2005,,EUR,Europe,,TUR,2005,2005,Turkey,,BTSX,Both sexes,,GHE080,Diabetes mellitus,,17655.0,17655.00000,,,,,"Global Health Estimates 2016: Deaths by Cause, Age, Sex, by Country and by Region, 2000-2016. Geneva, World Health Organization, 2018"
25,SDG_SH_DTH_RNCOM,"Number of deaths attributed to non-communicable diseases, by type of disease and sex",https://www.who.int/data/gho/indicator-metadata-registry/imr-details/36,PUBLISHED,Published,,2010.0,2010,,EUR,Europe,,TUR,2010,2010,Turkey,,FMLE,Female,,GHE061,Malignant neoplasms,,32378.0,32378.00000,,,,,"Global Health Estimates 2016: Deaths by Cause, Age, Sex, by Country and by Region, 2000-2016. Geneva, World Health Organization, 2018"
26,SDG_SH_DTH_RNCOM,"Number of deaths attributed to non-communicable diseases, by type of disease and sex",https://www.who.int/data/gho/indicator-metadata-registry/imr-details/36,PUBLISHED,Published,,2010.0,2010,,EUR,Europe,,TUR,2010,2010,Turkey,,MLE,Male,,GHE061,Malignant neoplasms,,58061.0,58061.00000,,,,,"Global Health Estimates 2016: Deaths by Cause, Age, Sex, by Country and by Region, 2000-2016. Geneva, World Health Organization, 2018"
27,SDG_SH_DTH_RNCOM,"Number of deaths attributed to non-communicable diseases, by type of disease and sex",https://www.who.int/data/gho/indicator-metadata-registry/imr-details/36,PUBLISHED,Published,,2010.0,2010,,EUR,Europe,,TUR,2010,2010,Turkey,,BTSX,Both sexes,,GHE061,Malignant neoplasms,,90439.0,90439.00000,,,,,"Global Health Estimates 2016: Deaths by Cause, Age, Sex, by Country and by Region, 2000-2016. Geneva, World Health Organization, 2018"
28,SDG_SH_DTH_RNCOM,"Number of deaths attributed to non-communicable diseases, by type of disease and sex",https://www.who.int/data/gho/indicator-metadata-registry/imr-details/36,PUBLISHED,Published,,2010.0,2010,,EUR,Europe,,TUR,2010,2010,Turkey,,FMLE,Female,,GHE110,Cardiovascular diseases,,65492.0,65492.00000,,,,,"Global Health Estimates 2016: Deaths by Cause, Age, Sex, by Country and by Region, 2000-2016. Geneva, World Health Organization, 2018"
29,SDG_SH_DTH_RNCOM,"Number of deaths attributed to non-communicable diseases, by type of disease and sex",https://www.who.int/data/gho/indicator-metadata-registry/imr-details/36,PUBLISHED,Published,,2010.0,2010,,EUR,Europe,,TUR,2010,2010,Turkey,,MLE,Male,,GHE110,Cardiovascular diseases,,75125.0,75125.00000,,,,,"Global Health Estimates 2016: Deaths by Cause, Age, Sex, by Country and by Region, 2000-2016. Geneva, World Health Organization, 2018"
30,SDG_SH_DTH_RNCOM,"Number of deaths attributed to non-communicable diseases, by type of disease and sex",https://www.who.int/data/gho/indicator-metadata-registry/imr-details/36,PUBLISHED,Published,,2010.0,2010,,EUR,Europe,,TUR,2010,2010,Turkey,,BTSX,Both sexes,,GHE110,Cardiovascular diseases,,140617.0,140617.00000,,,,,"Global Health Estimates 2016: Deaths by Cause, Age, Sex, by Country and by Region, 2000-2016. Geneva, World Health Organization, 2018"
31,SDG_SH_DTH_RNCOM,"Number of deaths attributed to non-communicable diseases, by type of disease and sex",https://www.who.int/data/gho/indicator-metadata-registry/imr-details/36,PUBLISHED,Published,,2010.0,2010,,EUR,Europe,,TUR,2010,2010,Turkey,,FMLE,Female,,GHE118,Chronic obstructive pulmonary disease,,9295.0,9295.00000,,,,,"Global Health Estimates 2016: Deaths by Cause, Age, Sex, by Country and by Region, 2000-2016. Geneva, World Health Organization, 2018"
32,SDG_SH_DTH_RNCOM,"Number of deaths attributed to non-communicable diseases, by type of disease and sex",https://www.who.int/data/gho/indicator-metadata-registry/imr-details/36,PUBLISHED,Published,,2010.0,2010,,EUR,Europe,,TUR,2010,2010,Turkey,,MLE,Male,,GHE118,Chronic obstructive pulmonary disease,,18338.0,18338.00000,,,,,"Global Health Estimates 2016: Deaths by Cause, Age, Sex, by Country and by Region, 2000-2016. Geneva, World Health Organization, 2018"
33,SDG_SH_DTH_RNCOM,"Number of deaths attributed to non-communicable diseases, by type of disease and sex",https://www.who.int/data/gho/indicator-metadata-registry/imr-details/36,PUBLISHED,Published,,2010.0,2010,,EUR,Europe,,TUR,2010,2010,Turkey,,BTSX,Both sexes,,GHE118,Chronic obstructive pulmonary disease,,27633.0,27633.00000,,,,,"Global Health Estimates 2016: Deaths by Cause, Age, Sex, by Country and by Region, 2000-2016. Geneva, World Health Organization, 2018"
34,SDG_SH_DTH_RNCOM,"Number of deaths attributed to non-communicable diseases, by type of disease and sex",https://www.who.int/data/gho/indicator-metadata-registry/imr-details/36,PUBLISHED,Published,,2010.0,2010,,EUR,Europe,,TUR,2010,2010,Turkey,,FMLE,Female,,GHE080,Diabetes mellitus,,10307.0,10307.00000,,,,,"Global Health Estimates 2016: Deaths by Cause, Age, Sex, by Country and by Region, 2000-2016. Geneva, World Health Organization, 2018"
35,SDG_SH_DTH_RNCOM,"Number of deaths attributed to non-communicable diseases, by type of disease and sex",https://www.who.int/data/gho/indicator-metadata-registry/imr-details/36,PUBLISHED,Published,,2010.0,2010,,EUR,Europe,,TUR,2010,2010,Turkey,,MLE,Male,,GHE080,Diabetes mellitus,,8344.0,8344.00000,,,,,"Global Health Estimates 2016: Deaths by Cause, Age, Sex, by Country and by Region, 2000-2016. Geneva, World Health Organization, 2018"
36,SDG_SH_DTH_RNCOM,"Number of deaths attributed to non-communicable diseases, by type of disease and sex",https://www.who.int/data/gho/indicator-metadata-registry/imr-details/36,PUBLISHED,Published,,2010.0,2010,,EUR,Europe,,TUR,2010,2010,Turkey,,BTSX,Both sexes,,GHE080,Diabetes mellitus,,18651.0,18651.00000,,,,,"Global Health Estimates 2016: Deaths by Cause, Age, Sex, by Country and by Region, 2000-2016. Geneva, World Health Organization, 2018"
37,SDG_SH_DTH_RNCOM,"Number of deaths attributed to non-communicable diseases, by type of disease and sex",https://www.who.int/data/gho/indicator-metadata-registry/imr-details/36,PUBLISHED,Published,,2015.0,2015,,EUR,Europe,,TUR,2015,2015,Turkey,,FMLE,Female,,GHE061,Malignant neoplasms,,36502.0,36502.00000,,,,,"Global Health Estimates 2016: Deaths by Cause, Age, Sex, by Country and by Region, 2000-2016. Geneva, World Health Organization, 2018"
38,SDG_SH_DTH_RNCOM,"Number of deaths attributed to non-communicable diseases, by type of disease and sex",https://www.who.int/data/gho/indicator-metadata-registry/imr-details/36,PUBLISHED,Published,,2015.0,2015,,EUR,Europe,,TUR,2015,2015,Turkey,,MLE,Male,,GHE061,Malignant neoplasms,,63923.0,63923.00000,,,,,"Global Health Estimates 2016: Deaths by Cause, Age, Sex, by Country and by Region, 2000-2016. Geneva, World Health Organization, 2018"
39,SDG_SH_DTH_RNCOM,"Number of deaths attributed to non-communicable diseases, by type of disease and sex",https://www.who.int/data/gho/indicator-metadata-registry/imr-details/36,PUBLISHED,Published,,2015.0,2015,,EUR,Europe,,TUR,2015,2015,Turkey,,BTSX,Both sexes,,GHE061,Malignant neoplasms,,100426.0,100426.00000,,,,,"Global Health Estimates 2016: Deaths by Cause, Age, Sex, by Country and by Region, 2000-2016. Geneva, World Health Organization, 2018"
40,SDG_SH_DTH_RNCOM,"Number of deaths attributed to non-communicable diseases, by type of disease and sex",https://www.who.int/data/gho/indicator-metadata-registry/imr-details/36,PUBLISHED,Published,,2015.0,2015,,EUR,Europe,,TUR,2015,2015,Turkey,,FMLE,Female,,GHE110,Cardiovascular diseases,,72855.0,72855.00000,,,,,"Global Health Estimates 2016: Deaths by Cause, Age, Sex, by Country and by Region, 2000-2016. Geneva, World Health Organization, 2018"
41,SDG_SH_DTH_RNCOM,"Number of deaths attributed to non-communicable diseases, by type of disease and sex",https://www.who.int/data/gho/indicator-metadata-registry/imr-details/36,PUBLISHED,Published,,2015.0,2015,,EUR,Europe,,TUR,2015,2015,Turkey,,MLE,Male,,GHE110,Cardiovascular diseases,,79042.0,79042.00000,,,,,"Global Health Estimates 2016: Deaths by Cause, Age, Sex, by Country and by Region, 2000-2016. Geneva, World Health Organization, 2018"
42,SDG_SH_DTH_RNCOM,"Number of deaths attributed to non-communicable diseases, by type of disease and sex",https://www.who.int/data/gho/indicator-metadata-registry/imr-details/36,PUBLISHED,Published,,2015.0,2015,,EUR,Europe,,TUR,2015,2015,Turkey,,BTSX,Both sexes,,GHE110,Cardiovascular diseases,,151897.0,151897.00000,,,,,"Global Health Estimates 2016: Deaths by Cause, Age, Sex, by Country and by Region, 2000-2016. Geneva, World Health Organization, 2018"
43,SDG_SH_DTH_RNCOM,"Number of deaths attributed to non-communicable diseases, by type of disease and sex",https://www.who.int/data/gho/indicator-metadata-registry/imr-details/36,PUBLISHED,Published,,2015.0,2015,,EUR,Europe,,TUR,2015,2015,Turkey,,FMLE,Female,,GHE118,Chronic obstructive pulmonary disease,,10218.0,10218.00000,,,,,"Global Health Estimates 2016: Deaths by Cause, Age, Sex, by Country and by Region, 2000-2016. Geneva, World Health Organization, 2018"
44,SDG_SH_DTH_RNCOM,"Number of deaths attributed to non-communicable diseases, by type of disease and sex",https://www.who.int/data/gho/indicator-metadata-registry/imr-details/36,PUBLISHED,Published,,2015.0,2015,,EUR,Europe,,TUR,2015,2015,Turkey,,MLE,Male,,GHE118,Chronic obstructive pulmonary disease,,19356.0,19356.00000,,,,,"Global Health Estimates 2016: Deaths by Cause, Age, Sex, by Country and by Region, 2000-2016. Geneva, World Health Organization, 2018"
45,SDG_SH_DTH_RNCOM,"Number of deaths attributed to non-communicable diseases, by type of disease and sex",https://www.who.int/data/gho/indicator-metadata-registry/imr-details/36,PUBLISHED,Published,,2015.0,2015,,EUR,Europe,,TUR,2015,2015,Turkey,,BTSX,Both sexes,,GHE118,Chronic obstructive pulmonary disease,,29575.0,29575.00000,,,,,"Global Health Estimates 2016: Deaths by Cause, Age, Sex, by Country and by Region, 2000-2016. Geneva, World Health Organization, 2018"
46,SDG_SH_DTH_RNCOM,"Number of deaths attributed to non-communicable diseases, by type of disease and sex",https://www.who.int/data/gho/indicator-metadata-registry/imr-details/36,PUBLISHED,Published,,2015.0,2015,,EUR,Europe,,TUR,2015,2015,Turkey,,FMLE,Female,,GHE080,Diabetes mellitus,,11740.0,11740.00000,,,,,"Global Health Estimates 2016: Deaths by Cause, Age, Sex, by Country and by Region, 2000-2016. Geneva, World Health Organization, 2018"
47,SDG_SH_DTH_RNCOM,"Number of deaths attributed to non-communicable diseases, by type of disease and sex",https://www.who.int/data/gho/indicator-metadata-registry/imr-details/36,PUBLISHED,Published,,2015.0,2015,,EUR,Europe,,TUR,2015,2015,Turkey,,MLE,Male,,GHE080,Diabetes mellitus,,9108.0,9108.00000,,,,,"Global Health Estimates 2016: Deaths by Cause, Age, Sex, by Country and by Region, 2000-2016. Geneva, World Health Organization, 2018"
48,SDG_SH_DTH_RNCOM,"Number of deaths attributed to non-communicable diseases, by type of disease and sex",https://www.who.int/data/gho/indicator-metadata-registry/imr-details/36,PUBLISHED,Published,,2015.0,2015,,EUR,Europe,,TUR,2015,2015,Turkey,,BTSX,Both sexes,,GHE080,Diabetes mellitus,,20848.0,20848.00000,,,,,"Global Health Estimates 2016: Deaths by Cause, Age, Sex, by Country and by Region, 2000-2016. Geneva, World Health Organization, 2018"
49,SDG_SH_DTH_RNCOM,"Number of deaths attributed to non-communicable diseases, by type of disease and sex",https://www.who.int/data/gho/indicator-metadata-registry/imr-details/36,PUBLISHED,Published,,2016.0,2016,,EUR,Europe,,TUR,2016,2016,Turkey,,FMLE,Female,,GHE061,Malignant neoplasms,,37178.0,37178.00000,,,,,"Global Health Estimates 2016: Deaths by Cause, Age, Sex, by Country and by Region, 2000-2016. Geneva, World Health Organization, 2018"
50,SDG_SH_DTH_RNCOM,"Number of deaths attributed to non-communicable diseases, by type of disease and sex",https://www.who.int/data/gho/indicator-metadata-registry/imr-details/36,PUBLISHED,Published,,2016.0,2016,,EUR,Europe,,TUR,2016,2016,Turkey,,MLE,Male,,GHE061,Malignant neoplasms,,65383.0,65383.00000,,,,,"Global Health Estimates 2016: Deaths by Cause, Age, Sex, by Country and by Region, 2000-2016. Geneva, World Health Organization, 2018"
51,SDG_SH_DTH_RNCOM,"Number of deaths attributed to non-communicable diseases, by type of disease and sex",https://www.who.int/data/gho/indicator-metadata-registry/imr-details/36,PUBLISHED,Published,,2016.0,2016,,EUR,Europe,,TUR,2016,2016,Turkey,,BTSX,Both sexes,,GHE061,Malignant neoplasms,,102561.0,102561.00000,,,,,"Global Health Estimates 2016: Deaths by Cause, Age, Sex, by Country and by Region, 2000-2016. Geneva, World Health Organization, 2018"
52,SDG_SH_DTH_RNCOM,"Number of deaths attributed to non-communicable diseases, by type of disease and sex",https://www.who.int/data/gho/indicator-metadata-registry/imr-details/36,PUBLISHED,Published,,2016.0,2016,,EUR,Europe,,TUR,2016,2016,Turkey,,FMLE,Female,,GHE110,Cardiovascular diseases,,75248.0,75248.00000,,,,,"Global Health Estimates 2016: Deaths by Cause, Age, Sex, by Country and by Region, 2000-2016. Geneva, World Health Organization, 2018"
53,SDG_SH_DTH_RNCOM,"Number of deaths attributed to non-communicable diseases, by type of disease and sex",https://www.who.int/data/gho/indicator-metadata-registry/imr-details/36,PUBLISHED,Published,,2016.0,2016,,EUR,Europe,,TUR,2016,2016,Turkey,,MLE,Male,,GHE110,Cardiovascular diseases,,81368.0,81368.00000,,,,,"Global Health Estimates 2016: Deaths by Cause, Age, Sex, by Country and by Region, 2000-2016. Geneva, World Health Organization, 2018"
54,SDG_SH_DTH_RNCOM,"Number of deaths attributed to non-communicable diseases, by type of disease and sex",https://www.who.int/data/gho/indicator-metadata-registry/imr-details/36,PUBLISHED,Published,,2016.0,2016,,EUR,Europe,,TUR,2016,2016,Turkey,,BTSX,Both sexes,,GHE110,Cardiovascular diseases,,156616.0,156616.00000,,,,,"Global Health Estimates 2016: Deaths by Cause, Age, Sex, by Country and by Region, 2000-2016. Geneva, World Health Organization, 2018"
55,SDG_SH_DTH_RNCOM,"Number of deaths attributed to non-communicable diseases, by type of disease and sex",https://www.who.int/data/gho/indicator-metadata-registry/imr-details/36,PUBLISHED,Published,,2016.0,2016,,EUR,Europe,,TUR,2016,2016,Turkey,,FMLE,Female,,GHE118,Chronic obstructive pulmonary disease,,10432.0,10432.00000,,,,,"Global Health Estimates 2016: Deaths by Cause, Age, Sex, by Country and by Region, 2000-2016. Geneva, World Health Organization, 2018"
56,SDG_SH_DTH_RNCOM,"Number of deaths attributed to non-communicable diseases, by type of disease and sex",https://www.who.int/data/gho/indicator-metadata-registry/imr-details/36,PUBLISHED,Published,,2016.0,2016,,EUR,Europe,,TUR,2016,2016,Turkey,,MLE,Male,,GHE118,Chronic obstructive pulmonary disease,,19850.0,19850.00000,,,,,"Global Health Estimates 2016: Deaths by Cause, Age, Sex, by Country and by Region, 2000-2016. Geneva, World Health Organization, 2018"
57,SDG_SH_DTH_RNCOM,"Number of deaths attributed to non-communicable diseases, by type of disease and sex",https://www.who.int/data/gho/indicator-metadata-registry/imr-details/36,PUBLISHED,Published,,2016.0,2016,,EUR,Europe,,TUR,2016,2016,Turkey,,BTSX,Both sexes,,GHE118,Chronic obstructive pulmonary disease,,30282.0,30282.00000,,,,,"Global Health Estimates 2016: Deaths by Cause, Age, Sex, by Country and by Region, 2000-2016. Geneva, World Health Organization, 2018"
58,SDG_SH_DTH_RNCOM,"Number of deaths attributed to non-communicable diseases, by type of disease and sex",https://www.who.int/data/gho/indicator-metadata-registry/imr-details/36,PUBLISHED,Published,,2016.0,2016,,EUR,Europe,,TUR,2016,2016,Turkey,,FMLE,Female,,GHE080,Diabetes mellitus,,12265.0,12265.00000,,,,,"Global Health Estimates 2016: Deaths by Cause, Age, Sex, by Country and by Region, 2000-2016. Geneva, World Health Organization, 2018"
59,SDG_SH_DTH_RNCOM,"Number of deaths attributed to non-communicable diseases, by type of disease and sex",https://www.who.int/data/gho/indicator-metadata-registry/imr-details/36,PUBLISHED,Published,,2016.0,2016,,EUR,Europe,,TUR,2016,2016,Turkey,,MLE,Male,,GHE080,Diabetes mellitus,,9523.0,9523.00000,,,,,"Global Health Estimates 2016: Deaths by Cause, Age, Sex, by Country and by Region, 2000-2016. Geneva, World Health Organization, 2018"
60,SDG_SH_DTH_RNCOM,"Number of deaths attributed to non-communicable diseases, by type of disease and sex",https://www.who.int/data/gho/indicator-metadata-registry/imr-details/36,PUBLISHED,Published,,2016.0,2016,,EUR,Europe,,TUR,2016,2016,Turkey,,BTSX,Both sexes,,GHE080,Diabetes mellitus,,21788.0,21788.00000,,,,,"Global Health Estimates 2016: Deaths by Cause, Age, Sex, by Country and by Region, 2000-2016. Geneva, World Health Organization, 2018"
