index,GHO (CODE),GHO (DISPLAY),GHO (URL),PUBLISHSTATE (CODE),PUBLISHSTATE (DISPLAY),PUBLISHSTATE (URL),YEAR (CODE),YEAR (DISPLAY),YEAR (URL),REGION (CODE),REGION (DISPLAY),REGION (URL),WORLDBANKINCOMEGROUP (CODE),STARTYEAR,ENDYEAR,WORLDBANKINCOMEGROUP (DISPLAY),WORLDBANKINCOMEGROUP (URL),COUNTRY (CODE),COUNTRY (DISPLAY),COUNTRY (URL),EDUCATIONLEVEL (CODE),EDUCATIONLEVEL (DISPLAY),EDUCATIONLEVEL (URL),SEX (CODE),SEX (DISPLAY),SEX (URL),RESIDENCEAREATYPE (CODE),RESIDENCEAREATYPE (DISPLAY),RESIDENCEAREATYPE (URL),WEALTHQUINTILE (CODE),WEALTHQUINTILE (DISPLAY),WEALTHQUINTILE (URL),Display Value,Numeric,Low,High,StdErr,StdDev,Comments
0,#indicator+code,#indicator+name,#indicator+url,#status+code,#status+name,,,#date+year,,#region+code,#region+name,,,#date+year+start,#date+year+end,,,#country+code,#country+name,,,,,#sex+code,#sex+name,,,,,,,,,#indicator+value+num,,,,,
1,WHS2_174,Distribution of years of life lost by broader causes (%) - Injuries,https://www.who.int/data/gho/indicator-metadata-registry/imr-details/90,PUBLISHED,Published,,2008,2008,,EUR,Europe,,WB_UMI,2008,2008,Upper-middle-income,,TUR,Turkey,,,,,,,,,,,,,,11,,,,,,
2,WHS9_94,Civil registration coverage of causes of deaths (%),https://www.who.int/data/gho/indicator-metadata-registry/imr-details/84,PUBLISHED,Published,,2007,2007,,EUR,Europe,,WB_UMI,2007,2007,Upper-middle-income,,TUR,Turkey,,,,,,,,,,,,,,50-74,,,,,,
3,WHS6_127,Number of nursing and midwifery personnel,https://www.who.int/data/gho/indicator-metadata-registry/imr-details/102,PUBLISHED,Published,,2008,2008,,EUR,Europe,,WB_UMI,2008,2008,Upper-middle-income,,TUR,Turkey,,,,,,,,,,,,,,144229,,,,,,
4,WHS6_148,Nursing and midwifery personnel density (per 10 000 population),https://www.who.int/data/gho/indicator-metadata-registry/imr-details/105,PUBLISHED,Published,,2008,2008,,EUR,Europe,,WB_UMI,2008,2008,Upper-middle-income,,TUR,Turkey,,,,,,,,,,,,,,18.9,,,,,,
5,WHS6_123,Number of dentistry personnel,https://www.who.int/data/gho/indicator-metadata-registry/imr-details/101,PUBLISHED,Published,,2008,2008,,EUR,Europe,,WB_UMI,2008,2008,Upper-middle-income,,TUR,Turkey,,,,,,,,,,,,,,17985,,,,,,
6,WHS6_144,Dentistry personnel density (per 10 000 population),https://www.who.int/data/gho/indicator-metadata-registry/imr-details/87,PUBLISHED,Published,,2008,2008,,EUR,Europe,,WB_UMI,2008,2008,Upper-middle-income,,TUR,Turkey,,,,,,,,,,,,,,2.36,,,,,,
7,WHS6_517,Number of pharmaceutical personnel,https://www.who.int/data/gho/indicator-metadata-registry/imr-details/319,PUBLISHED,Published,,2008,2008,,EUR,Europe,,WB_UMI,2008,2008,Upper-middle-income,,TUR,Turkey,,,,,,,,,,,,,,24756,,,,,,
8,WHS6_519,Density of pharmaceutical personnel (per 10 000 population),https://www.who.int/data/gho/indicator-metadata-registry/imr-details/320,PUBLISHED,Published,,2008,2008,,EUR,Europe,,WB_UMI,2008,2008,Upper-middle-income,,TUR,Turkey,,,,,,,,,,,,,,3.25,,,,,,
9,WHS6_518,Number of environment and public health workers,https://www.who.int/data/gho/indicator-metadata-registry/imr-details/321,PUBLISHED,Published,,2008,2008,,EUR,Europe,,WB_UMI,2008,2008,Upper-middle-income,,TUR,Turkey,,,,,,,,,,,,,,19304,,,,,,
10,WHS6_520,Density of environment and public health workers (per 10 000 population),https://www.who.int/data/gho/indicator-metadata-registry/imr-details/322,PUBLISHED,Published,,2008,2008,,EUR,Europe,,WB_UMI,2008,2008,Upper-middle-income,,TUR,Turkey,,,,,,,,,,,,,,2.54,,,,,,
11,WHS6_127,Number of nursing and midwifery personnel,https://www.who.int/data/gho/indicator-metadata-registry/imr-details/102,PUBLISHED,Published,,2009,2009,,EUR,Europe,,,2009,2009,,,TUR,Turkey,,,,,,,,,,,,,,49357,49357.00000,,,,,
12,WHS6_148,Nursing and midwifery personnel density (per 10 000 population),https://www.who.int/data/gho/indicator-metadata-registry/imr-details/105,PUBLISHED,Published,,2009,2009,,EUR,Europe,,,2009,2009,,,TUR,Turkey,,,,,,,,,,,,,,6.4,6.40000,,,,,
13,WHS6_517,Number of pharmaceutical personnel,https://www.who.int/data/gho/indicator-metadata-registry/imr-details/319,PUBLISHED,Published,,2009,2009,,EUR,Europe,,,2009,2009,,,TUR,Turkey,,,,,,,,,,,,,,25201,25201.00000,,,,,
14,WHS6_519,Density of pharmaceutical personnel (per 10 000 population),https://www.who.int/data/gho/indicator-metadata-registry/imr-details/320,PUBLISHED,Published,,2009,2009,,EUR,Europe,,,2009,2009,,,TUR,Turkey,,,,,,,,,,,,,,3.27,3.27000,,,,,
15,WHS6_123,Number of dentistry personnel,https://www.who.int/data/gho/indicator-metadata-registry/imr-details/101,PUBLISHED,Published,,2009,2009,,EUR,Europe,,,2009,2009,,,TUR,Turkey,,,,,,,,,,,,,,20589,20589.00000,,,,,
16,WHS6_144,Dentistry personnel density (per 10 000 population),https://www.who.int/data/gho/indicator-metadata-registry/imr-details/87,PUBLISHED,Published,,2009,2009,,EUR,Europe,,,2009,2009,,,TUR,Turkey,,,,,,,,,,,,,,2.67,2.67000,,,,,
17,WHS10_10,International Statistical Classification of Diseases and Related Health Problems (ICD),https://www.who.int/data/gho/indicator-metadata-registry/imr-details/83,PUBLISHED,Published,,2008,2008,,EUR,Europe,,WB_UMI,2008,2008,Upper-middle-income,,TUR,Turkey,,,,,,,,,,,,,,8,8.00000,,,,,
18,WHS_PBR,Preterm birth rate (per 100 live births),https://www.who.int/data/gho/indicator-metadata-registry/imr-details/4420,PUBLISHED,Published,,2010,2010,,EUR,Europe,,,2010,2010,,,TUR,Turkey,,,,,,,,,,,,,,12.00,12.00000,,,,,
19,WHS9_87,Net primary school enrolment ratio (%),https://www.who.int/data/gho/indicator-metadata-registry/imr-details/99,PUBLISHED,Published,,1999,1999,,EUR,Europe,,,1999,1999,,,TUR,Turkey,,,,,FMLE,Female,,,,,,,,90.3,90.27000,,,,,
20,WHS9_87,Net primary school enrolment ratio (%),https://www.who.int/data/gho/indicator-metadata-registry/imr-details/99,PUBLISHED,Published,,1999,1999,,EUR,Europe,,,1999,1999,,,TUR,Turkey,,,,,MLE,Male,,,,,,,,98.0,97.97000,,,,,
21,WHS9_87,Net primary school enrolment ratio (%),https://www.who.int/data/gho/indicator-metadata-registry/imr-details/99,PUBLISHED,Published,,2000,2000,,EUR,Europe,,,2000,2000,,,TUR,Turkey,,,,,FMLE,Female,,,,,,,,91.9,91.90000,,,,,
22,WHS9_87,Net primary school enrolment ratio (%),https://www.who.int/data/gho/indicator-metadata-registry/imr-details/99,PUBLISHED,Published,,2000,2000,,EUR,Europe,,,2000,2000,,,TUR,Turkey,,,,,MLE,Male,,,,,,,,99.9,99.89000,,,,,
23,WHS9_87,Net primary school enrolment ratio (%),https://www.who.int/data/gho/indicator-metadata-registry/imr-details/99,PUBLISHED,Published,,2003,2003,,EUR,Europe,,,2003,2003,,,TUR,Turkey,,,,,FMLE,Female,,,,,,,,92.1,92.13000,,,,,
24,WHS9_87,Net primary school enrolment ratio (%),https://www.who.int/data/gho/indicator-metadata-registry/imr-details/99,PUBLISHED,Published,,2003,2003,,EUR,Europe,,,2003,2003,,,TUR,Turkey,,,,,MLE,Male,,,,,,,,97.5,97.48000,,,,,
25,WHS9_87,Net primary school enrolment ratio (%),https://www.who.int/data/gho/indicator-metadata-registry/imr-details/99,PUBLISHED,Published,,2004,2004,,EUR,Europe,,,2004,2004,,,TUR,Turkey,,,,,FMLE,Female,,,,,,,,93.4,93.39000,,,,,
26,WHS9_87,Net primary school enrolment ratio (%),https://www.who.int/data/gho/indicator-metadata-registry/imr-details/99,PUBLISHED,Published,,2004,2004,,EUR,Europe,,,2004,2004,,,TUR,Turkey,,,,,MLE,Male,,,,,,,,98.2,98.17000,,,,,
27,WHS9_87,Net primary school enrolment ratio (%),https://www.who.int/data/gho/indicator-metadata-registry/imr-details/99,PUBLISHED,Published,,2005,2005,,EUR,Europe,,,2005,2005,,,TUR,Turkey,,,,,FMLE,Female,,,,,,,,94.4,94.45000,,,,,
28,WHS9_87,Net primary school enrolment ratio (%),https://www.who.int/data/gho/indicator-metadata-registry/imr-details/99,PUBLISHED,Published,,2005,2005,,EUR,Europe,,,2005,2005,,,TUR,Turkey,,,,,MLE,Male,,,,,,,,98.7,98.65000,,,,,
29,WHS9_87,Net primary school enrolment ratio (%),https://www.who.int/data/gho/indicator-metadata-registry/imr-details/99,PUBLISHED,Published,,2006,2006,,EUR,Europe,,,2006,2006,,,TUR,Turkey,,,,,FMLE,Female,,,,,,,,96.0,96.00000,,,,,
30,WHS9_87,Net primary school enrolment ratio (%),https://www.who.int/data/gho/indicator-metadata-registry/imr-details/99,PUBLISHED,Published,,2006,2006,,EUR,Europe,,,2006,2006,,,TUR,Turkey,,,,,MLE,Male,,,,,,,,99.4,99.44000,,,,,
31,WHS9_87,Net primary school enrolment ratio (%),https://www.who.int/data/gho/indicator-metadata-registry/imr-details/99,PUBLISHED,Published,,2009,2009,,EUR,Europe,,,2009,2009,,,TUR,Turkey,,,,,FMLE,Female,,,,,,,,96.7,96.73000,,,,,
32,WHS9_87,Net primary school enrolment ratio (%),https://www.who.int/data/gho/indicator-metadata-registry/imr-details/99,PUBLISHED,Published,,2009,2009,,EUR,Europe,,,2009,2009,,,TUR,Turkey,,,,,MLE,Male,,,,,,,,98.2,98.22000,,,,,
33,WHS9_87,Net primary school enrolment ratio (%),https://www.who.int/data/gho/indicator-metadata-registry/imr-details/99,PUBLISHED,Published,,2010,2010,,EUR,Europe,,,2010,2010,,,TUR,Turkey,,,,,FMLE,Female,,,,,,,,98.3,98.30000,,,,,
34,WHS9_87,Net primary school enrolment ratio (%),https://www.who.int/data/gho/indicator-metadata-registry/imr-details/99,PUBLISHED,Published,,2010,2010,,EUR,Europe,,,2010,2010,,,TUR,Turkey,,,,,MLE,Male,,,,,,,,99.5,99.52000,,,,,
35,WHS9_88,Population median age (years),https://www.who.int/data/gho/indicator-metadata-registry/imr-details/116,PUBLISHED,Published,,2012,2012,,EUR,Europe,,,2012,2012,,,TUR,Turkey,,,,,,,,,,,,,,29.04,29.04000,,,,,
36,WHS9_93,Gross national income per capita (PPP int. $),https://www.who.int/data/gho/indicator-metadata-registry/imr-details/94,PUBLISHED,Published,,1990,1990,,EUR,Europe,,,1990,1990,,,TUR,Turkey,,,,,,,,,,,,,,4360,4360.00000,,,,,
37,WHS9_93,Gross national income per capita (PPP int. $),https://www.who.int/data/gho/indicator-metadata-registry/imr-details/94,PUBLISHED,Published,,1991,1991,,EUR,Europe,,,1991,1991,,,TUR,Turkey,,,,,,,,,,,,,,4470,4470.00000,,,,,
38,WHS9_93,Gross national income per capita (PPP int. $),https://www.who.int/data/gho/indicator-metadata-registry/imr-details/94,PUBLISHED,Published,,1992,1992,,EUR,Europe,,,1992,1992,,,TUR,Turkey,,,,,,,,,,,,,,4770,4770.00000,,,,,
39,WHS9_93,Gross national income per capita (PPP int. $),https://www.who.int/data/gho/indicator-metadata-registry/imr-details/94,PUBLISHED,Published,,1993,1993,,EUR,Europe,,,1993,1993,,,TUR,Turkey,,,,,,,,,,,,,,5200,5200.00000,,,,,
40,WHS9_93,Gross national income per capita (PPP int. $),https://www.who.int/data/gho/indicator-metadata-registry/imr-details/94,PUBLISHED,Published,,1994,1994,,EUR,Europe,,,1994,1994,,,TUR,Turkey,,,,,,,,,,,,,,4890,4890.00000,,,,,
41,WHS9_93,Gross national income per capita (PPP int. $),https://www.who.int/data/gho/indicator-metadata-registry/imr-details/94,PUBLISHED,Published,,1995,1995,,EUR,Europe,,,1995,1995,,,TUR,Turkey,,,,,,,,,,,,,,5310,5310.00000,,,,,
42,WHS9_93,Gross national income per capita (PPP int. $),https://www.who.int/data/gho/indicator-metadata-registry/imr-details/94,PUBLISHED,Published,,1996,1996,,EUR,Europe,,,1996,1996,,,TUR,Turkey,,,,,,,,,,,,,,5730,5730.00000,,,,,
43,WHS9_93,Gross national income per capita (PPP int. $),https://www.who.int/data/gho/indicator-metadata-registry/imr-details/94,PUBLISHED,Published,,1997,1997,,EUR,Europe,,,1997,1997,,,TUR,Turkey,,,,,,,,,,,,,,6190,6190.00000,,,,,
44,WHS9_93,Gross national income per capita (PPP int. $),https://www.who.int/data/gho/indicator-metadata-registry/imr-details/94,PUBLISHED,Published,,1998,1998,,EUR,Europe,,,1998,1998,,,TUR,Turkey,,,,,,,,,,,,,,8630,8630.00000,,,,,
45,WHS9_93,Gross national income per capita (PPP int. $),https://www.who.int/data/gho/indicator-metadata-registry/imr-details/94,PUBLISHED,Published,,1999,1999,,EUR,Europe,,,1999,1999,,,TUR,Turkey,,,,,,,,,,,,,,8190,8190.00000,,,,,
46,WHS9_93,Gross national income per capita (PPP int. $),https://www.who.int/data/gho/indicator-metadata-registry/imr-details/94,PUBLISHED,Published,,2000,2000,,EUR,Europe,,,2000,2000,,,TUR,Turkey,,,,,,,,,,,,,,9180,9180.00000,,,,,
47,WHS9_93,Gross national income per capita (PPP int. $),https://www.who.int/data/gho/indicator-metadata-registry/imr-details/94,PUBLISHED,Published,,2001,2001,,EUR,Europe,,,2001,2001,,,TUR,Turkey,,,,,,,,,,,,,,8520,8520.00000,,,,,
48,WHS9_93,Gross national income per capita (PPP int. $),https://www.who.int/data/gho/indicator-metadata-registry/imr-details/94,PUBLISHED,Published,,2002,2002,,EUR,Europe,,,2002,2002,,,TUR,Turkey,,,,,,,,,,,,,,8630,8630.00000,,,,,
49,WHS9_93,Gross national income per capita (PPP int. $),https://www.who.int/data/gho/indicator-metadata-registry/imr-details/94,PUBLISHED,Published,,2003,2003,,EUR,Europe,,,2003,2003,,,TUR,Turkey,,,,,,,,,,,,,,8760,8760.00000,,,,,
50,WHS9_93,Gross national income per capita (PPP int. $),https://www.who.int/data/gho/indicator-metadata-registry/imr-details/94,PUBLISHED,Published,,2004,2004,,EUR,Europe,,,2004,2004,,,TUR,Turkey,,,,,,,,,,,,,,10150,10150.00000,,,,,
51,WHS9_93,Gross national income per capita (PPP int. $),https://www.who.int/data/gho/indicator-metadata-registry/imr-details/94,PUBLISHED,Published,,2005,2005,,EUR,Europe,,,2005,2005,,,TUR,Turkey,,,,,,,,,,,,,,11390,11390.00000,,,,,
52,WHS9_93,Gross national income per capita (PPP int. $),https://www.who.int/data/gho/indicator-metadata-registry/imr-details/94,PUBLISHED,Published,,2006,2006,,EUR,Europe,,,2006,2006,,,TUR,Turkey,,,,,,,,,,,,,,12890,12890.00000,,,,,
53,WHS9_93,Gross national income per capita (PPP int. $),https://www.who.int/data/gho/indicator-metadata-registry/imr-details/94,PUBLISHED,Published,,2007,2007,,EUR,Europe,,,2007,2007,,,TUR,Turkey,,,,,,,,,,,,,,13870,13870.00000,,,,,
54,WHS9_93,Gross national income per capita (PPP int. $),https://www.who.int/data/gho/indicator-metadata-registry/imr-details/94,PUBLISHED,Published,,2008,2008,,EUR,Europe,,,2008,2008,,,TUR,Turkey,,,,,,,,,,,,,,15000,15000.00000,,,,,
55,WHS9_93,Gross national income per capita (PPP int. $),https://www.who.int/data/gho/indicator-metadata-registry/imr-details/94,PUBLISHED,Published,,2009,2009,,EUR,Europe,,,2009,2009,,,TUR,Turkey,,,,,,,,,,,,,,14520,14520.00000,,,,,
56,WHS9_93,Gross national income per capita (PPP int. $),https://www.who.int/data/gho/indicator-metadata-registry/imr-details/94,PUBLISHED,Published,,2010,2010,,EUR,Europe,,,2010,2010,,,TUR,Turkey,,,,,,,,,,,,,,16040,16040.00000,,,,,
57,WHS9_93,Gross national income per capita (PPP int. $),https://www.who.int/data/gho/indicator-metadata-registry/imr-details/94,PUBLISHED,Published,,2011,2011,,EUR,Europe,,,2011,2011,,,TUR,Turkey,,,,,,,,,,,,,,17820,17820.00000,,,,,
58,WHS9_93,Gross national income per capita (PPP int. $),https://www.who.int/data/gho/indicator-metadata-registry/imr-details/94,PUBLISHED,Published,,2012,2012,,EUR,Europe,,,2012,2012,,,TUR,Turkey,,,,,,,,,,,,,,18020,18020.00000,,,,,
59,WHS9_88,Population median age (years),https://www.who.int/data/gho/indicator-metadata-registry/imr-details/116,PUBLISHED,Published,,2013,2013,,EUR,Europe,,,2013,2013,,,TUR,Turkey,,,,,,,,,,,,,,29.4,29.40000,,,,,
60,WHS9_91,Civil registration coverage of births (%),https://www.who.int/data/gho/indicator-metadata-registry/imr-details/83,PUBLISHED,Published,,2008,2008,,EUR,Europe,,,2008,2008,,,TUR,Turkey,,,,,,,,,,,,,,93.7,93.70000,,,,,
61,WHS9_85,Literacy rate among adults aged >= 15 years (%),https://www.who.int/data/gho/indicator-metadata-registry/imr-details/77,PUBLISHED,Published,,2007-2012,2007-2012,,EUR,Europe,,WB_UMI,2007,2012,Upper-middle-income,,TUR,Turkey,,,,,,,,,,,,,,94,94.00000,,,,,
62,WHS9_87,Net primary school enrolment ratio (%),https://www.who.int/data/gho/indicator-metadata-registry/imr-details/99,PUBLISHED,Published,,2007-2012,2007-2012,,EUR,Europe,,WB_UMI,2007,2012,Upper-middle-income,,TUR,Turkey,,,,,FMLE,Female,,,,,,,,98,98.00000,,,,,
63,WHS9_87,Net primary school enrolment ratio (%),https://www.who.int/data/gho/indicator-metadata-registry/imr-details/99,PUBLISHED,Published,,2007-2012,2007-2012,,EUR,Europe,,WB_UMI,2007,2012,Upper-middle-income,,TUR,Turkey,,,,,MLE,Male,,,,,,,,100,100.00000,,,,,
64,WHS9_90,Population living on <$1 (PPP int. $) a day (%),https://www.who.int/data/gho/indicator-metadata-registry/imr-details/115,PUBLISHED,Published,,2007-2013,2007-2013,,EUR,Europe,,WB_UMI,2007,2013,Upper-middle-income,,TUR,Turkey,,,,,,,,,,,,,,<2.0,,,,,,
65,WHS9_93,Gross national income per capita (PPP int. $),https://www.who.int/data/gho/indicator-metadata-registry/imr-details/94,PUBLISHED,Published,,2013,2013,,EUR,Europe,,WB_UMI,2013,2013,Upper-middle-income,,TUR,Turkey,,,,,,,,,,,,,, 18 760,18760.00000,,,,,
66,WHS9_96,Population living in urban areas (%),https://www.who.int/data/gho/indicator-metadata-registry/imr-details/114,PUBLISHED,Published,,2050,2050,,EUR,Europe,,,2050,2050,,,TUR,Turkey,,,,,,,,,,,,,,83.7,83.70300,,,,,
67,WHS9_96,Population living in urban areas (%),https://www.who.int/data/gho/indicator-metadata-registry/imr-details/114,PUBLISHED,Published,,2040,2040,,EUR,Europe,,,2040,2040,,,TUR,Turkey,,,,,,,,,,,,,,81.7,81.69400,,,,,
68,WHS9_96,Population living in urban areas (%),https://www.who.int/data/gho/indicator-metadata-registry/imr-details/114,PUBLISHED,Published,,2030,2030,,EUR,Europe,,,2030,2030,,,TUR,Turkey,,,,,,,,,,,,,,79.3,79.28800,,,,,
69,WHS9_96,Population living in urban areas (%),https://www.who.int/data/gho/indicator-metadata-registry/imr-details/114,PUBLISHED,Published,,2020,2020,,EUR,Europe,,,2020,2020,,,TUR,Turkey,,,,,,,,,,,,,,75.7,75.70300,,,,,
70,WHS9_96,Population living in urban areas (%),https://www.who.int/data/gho/indicator-metadata-registry/imr-details/114,PUBLISHED,Published,,2010,2010,,EUR,Europe,,,2010,2010,,,TUR,Turkey,,,,,,,,,,,,,,70.7,70.71500,,,,,
71,WHS9_96,Population living in urban areas (%),https://www.who.int/data/gho/indicator-metadata-registry/imr-details/114,PUBLISHED,Published,,2000,2000,,EUR,Europe,,,2000,2000,,,TUR,Turkey,,,,,,,,,,,,,,64.7,64.74100,,,,,
72,WHS9_96,Population living in urban areas (%),https://www.who.int/data/gho/indicator-metadata-registry/imr-details/114,PUBLISHED,Published,,1990,1990,,EUR,Europe,,,1990,1990,,,TUR,Turkey,,,,,,,,,,,,,,59.2,59.20300,,,,,
73,WHS9_96,Population living in urban areas (%),https://www.who.int/data/gho/indicator-metadata-registry/imr-details/114,PUBLISHED,Published,,1980,1980,,EUR,Europe,,,1980,1980,,,TUR,Turkey,,,,,,,,,,,,,,43.8,43.78000,,,,,
74,WHS9_96,Population living in urban areas (%),https://www.who.int/data/gho/indicator-metadata-registry/imr-details/114,PUBLISHED,Published,,1970,1970,,EUR,Europe,,,1970,1970,,,TUR,Turkey,,,,,,,,,,,,,,38.2,38.23400,,,,,
75,WHS9_96,Population living in urban areas (%),https://www.who.int/data/gho/indicator-metadata-registry/imr-details/114,PUBLISHED,Published,,1960,1960,,EUR,Europe,,,1960,1960,,,TUR,Turkey,,,,,,,,,,,,,,31.5,31.51500,,,,,
76,WHS9_96,Population living in urban areas (%),https://www.who.int/data/gho/indicator-metadata-registry/imr-details/114,PUBLISHED,Published,,1950,1950,,EUR,Europe,,,1950,1950,,,TUR,Turkey,,,,,,,,,,,,,,24.8,24.77400,,,,,
77,WHS9_86,Population (in thousands) total,https://www.who.int/data/gho/indicator-metadata-registry/imr-details/113,PUBLISHED,Published,,2016,2016,,EUR,Europe,,,2016,2016,,,TUR,Turkey,,,,,,,,,,,,,,79 512,79512.00000,,,,,
78,WHS9_89,Population proportion under 15 (%),https://www.who.int/data/gho/indicator-metadata-registry/imr-details/118,PUBLISHED,Published,,2016,2016,,EUR,Europe,,,2016,2016,,,TUR,Turkey,,,,,,,,,,,,,,25.3,25.30191,,,,,
79,WHS9_92,Population proportion over 60 (%),https://www.who.int/data/gho/indicator-metadata-registry/imr-details/117,PUBLISHED,Published,,2016,2016,,EUR,Europe,,,2016,2016,,,TUR,Turkey,,,,,,,,,,,,,,26.9,26.90337,,,,,
80,WHS9_95,Total fertility rate (per woman),https://www.who.int/data/gho/indicator-metadata-registry/imr-details/123,PUBLISHED,Published,,2016,2016,,EUR,Europe,,,2016,2016,,,TUR,Turkey,,,,,,,,,,,,,,2.1,2.05300,,,,,
81,SDGODA01,"Total net official development assistance to medical research and basic health sectors per capita (US$), by recipient country",https://www.who.int/data/gho/indicator-metadata-registry/imr-details/4739,PUBLISHED,Published,,2016,2016,,EUR,Europe,,,2016,2016,,,TUR,Turkey,,,,,,,,,,,,,,0.36,0.36000,,,,,
82,SDGHEPHBSAGPRV,Hepatitis B surface antigen (HBsAg) prevalence among children under 5 years (%),https://www.who.int/data/gho/indicator-metadata-registry/imr-details/4985,PUBLISHED,Published,,2015,2015,,EUR,Europe,,,2015,2015,,,TUR,Turkey,,,,,,,,,,,,,,0.32 [0.22-0.48],0.32000,0.22,0.48,,,
83,WHS9_91,Civil registration coverage of births (%),https://www.who.int/data/gho/indicator-metadata-registry/imr-details/83,PUBLISHED,Published,,2013,2013,,EUR,Europe,,,2013,2013,,,TUR,Turkey,,,,,,,,,,,,,,98.8,98.80000,,,,,"Data differ from the standard definition or refer to only part of a country. If they fall within the noted reference period, such data are included in the calculation of regional and global / DHS 2013"
84,WHS4_115,Births by caesarean section (%),https://www.who.int/data/gho/indicator-metadata-registry/imr-details/68,PUBLISHED,Published,,2008-2013,2008-2013,,EUR,Europe,,,2008,2013,,,TUR,Turkey,,,,,,,,,,,,,,48.1,48.10000,,,,,"DHS 2013.   Hacettepe University Institute of Population Studies. 2013 Turkey Demographic and Health Survey. Ankara, Turkey: Hacettepe University Institute of Population Studies, T.R. Ministry of Development, TÜBİTAK; 2014. "
85,SDGODA01,"Total net official development assistance to medical research and basic health sectors per capita (US$), by recipient country",https://www.who.int/data/gho/indicator-metadata-registry/imr-details/4739,PUBLISHED,Published,,2017,2017,,EUR,Europe,,,2017,2017,,,TUR,Turkey,,,,,,,,,,,,,,2.06,2.06000,,,,,
86,SDGCODCOMPLETENESS,Completeness of cause-of-death data (%),https://www.who.int/data/gho/indicator-metadata-registry/imr-details/84,PUBLISHED,Published,,2016,2016,,EUR,Europe,,,2016,2016,,,TUR,Turkey,,,,,,,,,,,,,,92,91.60294,,,,,
87,SDGODA01,"Total net official development assistance to medical research and basic health sectors per capita (US$), by recipient country",https://www.who.int/data/gho/indicator-metadata-registry/imr-details/4739,PUBLISHED,Published,,2018,2018,,EUR,Europe,,,2018,2018,,,TUR,Turkey,,,,,,,,,,,,,,0.82,0.81542,,,,,
88,WHS4_106,Children aged < 5 years with pneumonia symptoms taken to a healthcare provider (%),https://www.who.int/data/gho/indicator-metadata-registry/imr-details/4737,PUBLISHED,Published,,1993,1993,,EUR,Europe,,,1993,1993,,,TUR,Turkey,,,,,,,,URB,Urban,,,,,44.3,44.30000,,,,,DHS 1993
89,WHS4_106,Children aged < 5 years with pneumonia symptoms taken to a healthcare provider (%),https://www.who.int/data/gho/indicator-metadata-registry/imr-details/4737,PUBLISHED,Published,,1993,1993,,EUR,Europe,,,1993,1993,,,TUR,Turkey,,,,,,,,RUR,Rural,,,,,30.3,30.30000,,,,,DHS 1993
90,WHS4_106,Children aged < 5 years with pneumonia symptoms taken to a healthcare provider (%),https://www.who.int/data/gho/indicator-metadata-registry/imr-details/4737,PUBLISHED,Published,,1993,1993,,EUR,Europe,,,1993,1993,,,TUR,Turkey,,TOTL,TotalTotalTotal,,BTSX,Both sexes,,TOTL,TotalTotalTotal,,TOTL,TotalTotalTotal,,37.3,37.30000,,,,,DHS 1993
91,WHS4_106,Children aged < 5 years with pneumonia symptoms taken to a healthcare provider (%),https://www.who.int/data/gho/indicator-metadata-registry/imr-details/4737,PUBLISHED,Published,,1993,1993,,EUR,Europe,,,1993,1993,,,TUR,Turkey,,,,,FMLE,Female,,,,,,,,38.7,38.70000,,,,,DHS 1993
92,WHS4_106,Children aged < 5 years with pneumonia symptoms taken to a healthcare provider (%),https://www.who.int/data/gho/indicator-metadata-registry/imr-details/4737,PUBLISHED,Published,,1993,1993,,EUR,Europe,,,1993,1993,,,TUR,Turkey,,,,,MLE,Male,,,,,,,,36.1,36.10000,,,,,DHS 1993
93,WHS6_102,Hospital beds (per 10 000 population),https://www.who.int/data/gho/indicator-metadata-registry/imr-details/97,PUBLISHED,Published,,2000,2000,,EUR,Europe,,,2000,2000,,,TUR,Turkey,,,,,,,,,,,,,,21.0,21.00300,,,,,"European Health for All database (WHO), 26 May 2020"
94,WHS6_102,Hospital beds (per 10 000 population),https://www.who.int/data/gho/indicator-metadata-registry/imr-details/97,PUBLISHED,Published,,2001,2001,,EUR,Europe,,,2001,2001,,,TUR,Turkey,,,,,,,,,,,,,,21.6,21.60300,,,,,"European Health for All database (WHO), 26 May 2020"
95,WHS6_102,Hospital beds (per 10 000 population),https://www.who.int/data/gho/indicator-metadata-registry/imr-details/97,PUBLISHED,Published,,2002,2002,,EUR,Europe,,,2002,2002,,,TUR,Turkey,,,,,,,,,,,,,,24.9,24.90000,,,,,"OECD (2020), Hospital beds (indicator). (Accessed on 30 June 2020)"
96,WHS6_102,Hospital beds (per 10 000 population),https://www.who.int/data/gho/indicator-metadata-registry/imr-details/97,PUBLISHED,Published,,2003,2003,,EUR,Europe,,,2003,2003,,,TUR,Turkey,,,,,,,,,,,,,,24.8,24.80000,,,,,"OECD (2020), Hospital beds (indicator). (Accessed on 30 June 2020)"
97,WHS6_102,Hospital beds (per 10 000 population),https://www.who.int/data/gho/indicator-metadata-registry/imr-details/97,PUBLISHED,Published,,2004,2004,,EUR,Europe,,,2004,2004,,,TUR,Turkey,,,,,,,,,,,,,,24.7,24.70000,,,,,"OECD (2020), Hospital beds (indicator). (Accessed on 30 June 2020)"
98,WHS6_102,Hospital beds (per 10 000 population),https://www.who.int/data/gho/indicator-metadata-registry/imr-details/97,PUBLISHED,Published,,2005,2005,,EUR,Europe,,,2005,2005,,,TUR,Turkey,,,,,,,,,,,,,,25.0,25.00000,,,,,"OECD (2020), Hospital beds (indicator). (Accessed on 30 June 2020)"
99,WHS6_102,Hospital beds (per 10 000 population),https://www.who.int/data/gho/indicator-metadata-registry/imr-details/97,PUBLISHED,Published,,2006,2006,,EUR,Europe,,,2006,2006,,,TUR,Turkey,,,,,,,,,,,,,,25.2,25.20000,,,,,"OECD (2020), Hospital beds (indicator). (Accessed on 30 June 2020)"
100,WHS6_102,Hospital beds (per 10 000 population),https://www.who.int/data/gho/indicator-metadata-registry/imr-details/97,PUBLISHED,Published,,2007,2007,,EUR,Europe,,,2007,2007,,,TUR,Turkey,,,,,,,,,,,,,,25.4,25.40000,,,,,"OECD (2020), Hospital beds (indicator). (Accessed on 30 June 2020)"
101,WHS6_102,Hospital beds (per 10 000 population),https://www.who.int/data/gho/indicator-metadata-registry/imr-details/97,PUBLISHED,Published,,2008,2008,,EUR,Europe,,,2008,2008,,,TUR,Turkey,,,,,,,,,,,,,,25.8,25.80000,,,,,"OECD (2020), Hospital beds (indicator). (Accessed on 30 June 2020)"
102,WHS6_102,Hospital beds (per 10 000 population),https://www.who.int/data/gho/indicator-metadata-registry/imr-details/97,PUBLISHED,Published,,2009,2009,,EUR,Europe,,,2009,2009,,,TUR,Turkey,,,,,,,,,,,,,,26.2,26.20000,,,,,"OECD (2020), Hospital beds (indicator). (Accessed on 30 June 2020)"
103,WHS6_102,Hospital beds (per 10 000 population),https://www.who.int/data/gho/indicator-metadata-registry/imr-details/97,PUBLISHED,Published,,2010,2010,,EUR,Europe,,,2010,2010,,,TUR,Turkey,,,,,,,,,,,,,,27.4,27.40000,,,,,"OECD (2020), Hospital beds (indicator). (Accessed on 30 June 2020)"
104,WHS6_102,Hospital beds (per 10 000 population),https://www.who.int/data/gho/indicator-metadata-registry/imr-details/97,PUBLISHED,Published,,2011,2011,,EUR,Europe,,,2011,2011,,,TUR,Turkey,,,,,,,,,,,,,,26.2,26.20000,,,,,"OECD (2020), Hospital beds (indicator). (Accessed on 30 June 2020)"
105,WHS6_102,Hospital beds (per 10 000 population),https://www.who.int/data/gho/indicator-metadata-registry/imr-details/97,PUBLISHED,Published,,2012,2012,,EUR,Europe,,,2012,2012,,,TUR,Turkey,,,,,,,,,,,,,,26.6,26.60000,,,,,"OECD (2020), Hospital beds (indicator). (Accessed on 30 June 2020)"
106,WHS6_102,Hospital beds (per 10 000 population),https://www.who.int/data/gho/indicator-metadata-registry/imr-details/97,PUBLISHED,Published,,2013,2013,,EUR,Europe,,,2013,2013,,,TUR,Turkey,,,,,,,,,,,,,,26.5,26.50000,,,,,"OECD (2020), Hospital beds (indicator). (Accessed on 30 June 2020)"
107,WHS6_102,Hospital beds (per 10 000 population),https://www.who.int/data/gho/indicator-metadata-registry/imr-details/97,PUBLISHED,Published,,2014,2014,,EUR,Europe,,,2014,2014,,,TUR,Turkey,,,,,,,,,,,,,,26.8,26.80000,,,,,"OECD (2020), Hospital beds (indicator). (Accessed on 30 June 2020)"
108,WHS6_102,Hospital beds (per 10 000 population),https://www.who.int/data/gho/indicator-metadata-registry/imr-details/97,PUBLISHED,Published,,2015,2015,,EUR,Europe,,,2015,2015,,,TUR,Turkey,,,,,,,,,,,,,,26.8,26.80000,,,,,"OECD (2020), Hospital beds (indicator). (Accessed on 30 June 2020)"
109,WHS6_102,Hospital beds (per 10 000 population),https://www.who.int/data/gho/indicator-metadata-registry/imr-details/97,PUBLISHED,Published,,2016,2016,,EUR,Europe,,,2016,2016,,,TUR,Turkey,,,,,,,,,,,,,,27.5,27.50000,,,,,"OECD (2020), Hospital beds (indicator). (Accessed on 30 June 2020)"
110,WHS6_102,Hospital beds (per 10 000 population),https://www.who.int/data/gho/indicator-metadata-registry/imr-details/97,PUBLISHED,Published,,2017,2017,,EUR,Europe,,,2017,2017,,,TUR,Turkey,,,,,,,,,,,,,,28.1,28.10000,,,,,"OECD (2020), Hospital beds (indicator). (Accessed on 30 June 2020)"
111,WHS6_102,Hospital beds (per 10 000 population),https://www.who.int/data/gho/indicator-metadata-registry/imr-details/97,PUBLISHED,Published,,2018,2018,,EUR,Europe,,,2018,2018,,,TUR,Turkey,,,,,,,,,,,,,,28.5,28.50000,,,,,"OECD (2020), Hospital beds (indicator). (Accessed on 30 June 2020)"
