|||Sütunlar|
Satırlar|||Türkiye-TR|
||||
||||
İşgücü (Bin)|1. (15+) ve Erkek ve 3. (15-19) ve 1. (Okuma Yazma Bilmeyen)|2014|12.0|
||2015|8.0|
||2016|10.0|
||2017|15.0|
||2018|15.0|
||2019|13.0|
||2020|8.0|
||2021|12.0|
||2022|9.0|
||2023|8.0|
||2024|9.0|
|1. (15+) ve Erkek ve 3. (15-19) ve 21. (Okuma Yazma Bilen Fakat Bir Okul Bitirmeyen)|2014|75.0|
||2015|66.0|
||2016|64.0|
||2017|63.0|
||2018|61.0|
||2019|53.0|
||2020|34.0|
||2021|34.0|
||2022|39.0|
||2023|30.0|
||2024|26.0|
|1. (15+) ve Erkek ve 3. (15-19) ve 22. (İlkokul)|2014|16.0|
||2015|20.0|
||2016|24.0|
||2017|37.0|
||2018|59.0|
||2019|56.0|
||2020|39.0|
||2021|54.0|
||2022|44.0|
||2023|43.0|
||2024|38.0|
|1. (15+) ve Erkek ve 3. (15-19) ve 23. (İlköğretim)|2014|858.0|
||2015|676.0|
||2016|411.0|
||2017|168.0|
||2018|29.0|
||2019|1.0|
||2020|-9.93E8|
|1. (15+) ve Erkek ve 3. (15-19) ve 24. (Ortaokul Veya Dengi Meslek Ortaokul)|2014|102.0|
||2015|269.0|
||2016|492.0|
||2017|713.0|
||2018|837.0|
||2019|802.0|
||2020|685.0|
|1. (15+) ve Erkek ve 3. (15-19) ve 25. (Genel Ortaokul/ Mesleki Veya Teknik Ortaokul/İlkögretim)|2021|672.0|
||2022|721.0|
||2023|798.0|
||2024|899.0|
|1. (15+) ve Erkek ve 3. (15-19) ve 31. (Genel Lise)|2014|52.0|
||2015|74.0|
||2016|70.0|
||2017|78.0|
||2018|78.0|
||2019|102.0|
||2020|98.0|
||2021|131.0|
||2022|162.0|
||2023|204.0|
||2024|234.0|
|1. (15+) ve Erkek ve 3. (15-19) ve 32. (Lise Dengi Mesleki Okul)|2014|103.0|
||2015|102.0|
||2016|125.0|
||2017|166.0|
||2018|188.0|
||2019|187.0|
||2020|146.0|
||2021|179.0|
||2022|204.0|
||2023|204.0|
||2024|212.0|
|1. (15+) ve Erkek ve 3. (15-19) ve 4. (Yüksek Öğretim)|2014|3.0|
||2015|1.0|
||2016|4.0|
||2017|2.0|
||2018|2.0|
||2019|2.0|
||2020|1.0|
||2021|2.0|
||2022|2.0|
||2023|1.0|
||2024|0.0|
|1. (15+) ve Erkek ve 4. (20-24) ve 1. (Okuma Yazma Bilmeyen)|2014|13.0|
||2015|17.0|
||2016|15.0|
||2017|16.0|
||2018|15.0|
||2019|16.0|
||2020|9.0|
||2021|9.0|
||2022|14.0|
||2023|9.0|
||2024|10.0|
|1. (15+) ve Erkek ve 4. (20-24) ve 21. (Okuma Yazma Bilen Fakat Bir Okul Bitirmeyen)|2014|106.0|
||2015|111.0|
||2016|100.0|
||2017|83.0|
||2018|78.0|
||2019|71.0|
||2020|52.0|
||2021|46.0|
||2022|44.0|
||2023|36.0|
||2024|38.0|
|1. (15+) ve Erkek ve 4. (20-24) ve 22. (İlkokul)|2014|10.0|
||2015|15.0|
||2016|17.0|
||2017|19.0|
||2018|20.0|
||2019|27.0|
||2020|32.0|
||2021|46.0|
||2022|49.0|
||2023|45.0|
||2024|40.0|
|1. (15+) ve Erkek ve 4. (20-24) ve 23. (İlköğretim)|2014|895.0|
||2015|919.0|
||2016|890.0|
||2017|890.0|
||2018|831.0|
||2019|668.0|
||2020|454.0|
|1. (15+) ve Erkek ve 4. (20-24) ve 24. (Ortaokul Veya Dengi Meslek Ortaokul)|2014|1.0|
||2015|3.0|
||2016|10.0|
||2017|18.0|
||2018|63.0|
||2019|163.0|
||2020|302.0|
|1. (15+) ve Erkek ve 4. (20-24) ve 25. (Genel Ortaokul/ Mesleki Veya Teknik Ortaokul/İlkögretim)|2021|698.0|
||2022|614.0|
||2023|512.0|
||2024|436.0|
|1. (15+) ve Erkek ve 4. (20-24) ve 31. (Genel Lise)|2014|274.0|
||2015|257.0|
||2016|273.0|
||2017|266.0|
||2018|269.0|
||2019|277.0|
||2020|278.0|
||2021|394.0|
||2022|505.0|
||2023|554.0|
||2024|600.0|
|1. (15+) ve Erkek ve 4. (20-24) ve 32. (Lise Dengi Mesleki Okul)|2014|310.0|
||2015|322.0|
||2016|351.0|
||2017|394.0|
||2018|419.0|
||2019|436.0|
||2020|475.0|
||2021|571.0|
||2022|624.0|
||2023|630.0|
||2024|635.0|
|1. (15+) ve Erkek ve 4. (20-24) ve 4. (Yüksek Öğretim)|2014|334.0|
||2015|342.0|
||2016|381.0|
||2017|396.0|
||2018|404.0|
||2019|431.0|
||2020|380.0|
||2021|398.0|
||2022|415.0|
||2023|421.0|
||2024|411.0|
|1. (15+) ve Erkek ve 51. (25-29) ve 1. (Okuma Yazma Bilmeyen)|2014|26.0|
||2015|25.0|
||2016|24.0|
||2017|17.0|
||2018|20.0|
||2019|25.0|
||2020|21.0|
||2021|16.0|
||2022|18.0|
||2023|14.0|
||2024|13.0|
|1. (15+) ve Erkek ve 51. (25-29) ve 21. (Okuma Yazma Bilen Fakat Bir Okul Bitirmeyen)|2014|109.0|
||2015|96.0|
||2016|102.0|
||2017|97.0|
||2018|105.0|
||2019|105.0|
||2020|91.0|
||2021|88.0|
||2022|71.0|
||2023|49.0|
||2024|40.0|
|1. (15+) ve Erkek ve 51. (25-29) ve 22. (İlkokul)|2014|335.0|
||2015|206.0|
||2016|97.0|
||2017|66.0|
||2018|47.0|
||2019|38.0|
||2020|26.0|
||2021|32.0|
||2022|26.0|
||2023|29.0|
||2024|33.0|
|1. (15+) ve Erkek ve 51. (25-29) ve 23. (İlköğretim)|2014|572.0|
||2015|681.0|
||2016|830.0|
||2017|942.0|
||2018|914.0|
||2019|894.0|
||2020|847.0|
|1. (15+) ve Erkek ve 51. (25-29) ve 24. (Ortaokul Veya Dengi Meslek Ortaokul)|2014|205.0|
||2015|126.0|
||2016|53.0|
||2017|21.0|
||2018|14.0|
||2019|19.0|
||2020|27.0|
|1. (15+) ve Erkek ve 51. (25-29) ve 25. (Genel Ortaokul/ Mesleki Veya Teknik Ortaokul/İlkögretim)|2021|865.0|
||2022|763.0|
||2023|697.0|
||2024|588.0|
|1. (15+) ve Erkek ve 51. (25-29) ve 31. (Genel Lise)|2014|442.0|
||2015|440.0|
||2016|415.0|
||2017|370.0|
||2018|358.0|
||2019|330.0|
||2020|287.0|
||2021|325.0|
||2022|435.0|
||2023|521.0|
||2024|541.0|
|1. (15+) ve Erkek ve 51. (25-29) ve 32. (Lise Dengi Mesleki Okul)|2014|376.0|
||2015|382.0|
||2016|372.0|
||2017|349.0|
||2018|360.0|
||2019|351.0|
||2020|351.0|
||2021|379.0|
||2022|420.0|
||2023|452.0|
||2024|506.0|
|1. (15+) ve Erkek ve 51. (25-29) ve 4. (Yüksek Öğretim)|2014|733.0|
||2015|837.0|
||2016|891.0|
||2017|933.0|
||2018|945.0|
||2019|973.0|
||2020|1019.0|
||2021|1098.0|
||2022|1121.0|
||2023|1147.0|
||2024|1175.0|
|1. (15+) ve Erkek ve 52. (30-34) ve 1. (Okuma Yazma Bilmeyen)|2014|30.0|
||2015|28.0|
||2016|20.0|
||2017|20.0|
||2018|27.0|
||2019|22.0|
||2020|15.0|
||2021|22.0|
||2022|22.0|
||2023|14.0|
||2024|15.0|
|1. (15+) ve Erkek ve 52. (30-34) ve 21. (Okuma Yazma Bilen Fakat Bir Okul Bitirmeyen)|2014|54.0|
||2015|54.0|
||2016|58.0|
||2017|59.0|
||2018|82.0|
||2019|90.0|
||2020|75.0|
||2021|75.0|
||2022|89.0|
||2023|74.0|
||2024|71.0|
|1. (15+) ve Erkek ve 52. (30-34) ve 22. (İlkokul)|2014|942.0|
||2015|893.0|
||2016|753.0|
||2017|632.0|
||2018|483.0|
||2019|361.0|
||2020|240.0|
||2021|149.0|
||2022|108.0|
||2023|75.0|
||2024|50.0|
|1. (15+) ve Erkek ve 52. (30-34) ve 23. (İlköğretim)|2014|33.0|
||2015|50.0|
||2016|82.0|
||2017|175.0|
||2018|293.0|
||2019|416.0|
||2020|527.0|
|1. (15+) ve Erkek ve 52. (30-34) ve 24. (Ortaokul Veya Dengi Meslek Ortaokul)|2014|445.0|
||2015|435.0|
||2016|424.0|
||2017|393.0|
||2018|357.0|
||2019|286.0|
||2020|212.0|
|1. (15+) ve Erkek ve 52. (30-34) ve 25. (Genel Ortaokul/ Mesleki Veya Teknik Ortaokul/İlkögretim)|2021|787.0|
||2022|781.0|
||2023|756.0|
||2024|759.0|
|1. (15+) ve Erkek ve 52. (30-34) ve 31. (Genel Lise)|2014|407.0|
||2015|394.0|
||2016|386.0|
||2017|418.0|
||2018|424.0|
||2019|427.0|
||2020|429.0|
||2021|452.0|
||2022|473.0|
||2023|468.0|
||2024|472.0|
|1. (15+) ve Erkek ve 52. (30-34) ve 32. (Lise Dengi Mesleki Okul)|2014|431.0|
||2015|430.0|
||2016|428.0|
||2017|420.0|
||2018|405.0|
||2019|373.0|
||2020|382.0|
||2021|367.0|
||2022|358.0|
||2023|357.0|
||2024|339.0|
|1. (15+) ve Erkek ve 52. (30-34) ve 4. (Yüksek Öğretim)|2014|745.0|
||2015|789.0|
||2016|879.0|
||2017|878.0|
||2018|920.0|
||2019|998.0|
||2020|1014.0|
||2021|1094.0|
||2022|1124.0|
||2023|1174.0|
||2024|1198.0|
|1. (15+) ve Erkek ve 61. (35-39) ve 1. (Okuma Yazma Bilmeyen)|2014|24.0|
||2015|20.0|
||2016|26.0|
||2017|23.0|
||2018|26.0|
||2019|30.0|
||2020|25.0|
||2021|27.0|
||2022|27.0|
||2023|18.0|
||2024|18.0|
|1. (15+) ve Erkek ve 61. (35-39) ve 21. (Okuma Yazma Bilen Fakat Bir Okul Bitirmeyen)|2014|36.0|
||2015|27.0|
||2016|34.0|
||2017|41.0|
||2018|47.0|
||2019|57.0|
||2020|50.0|
||2021|55.0|
||2022|58.0|
||2023|71.0|
||2024|73.0|
|1. (15+) ve Erkek ve 61. (35-39) ve 22. (İlkokul)|2014|1076.0|
||2015|1086.0|
||2016|1057.0|
||2017|1012.0|
||2018|974.0|
||2019|906.0|
||2020|837.0|
||2021|760.0|
||2022|622.0|
||2023|494.0|
||2024|381.0|
|1. (15+) ve Erkek ve 61. (35-39) ve 23. (İlköğretim)|2014|16.0|
||2015|15.0|
||2016|10.0|
||2017|12.0|
||2018|14.0|
||2019|10.0|
||2020|13.0|
|1. (15+) ve Erkek ve 61. (35-39) ve 24. (Ortaokul Veya Dengi Meslek Ortaokul)|2014|323.0|
||2015|328.0|
||2016|390.0|
||2017|460.0|
||2018|460.0|
||2019|449.0|
||2020|448.0|
|1. (15+) ve Erkek ve 61. (35-39) ve 25. (Genel Ortaokul/ Mesleki Veya Teknik Ortaokul/İlkögretim)|2021|497.0|
||2022|521.0|
||2023|571.0|
||2024|597.0|
|1. (15+) ve Erkek ve 61. (35-39) ve 31. (Genel Lise)|2014|371.0|
||2015|373.0|
||2016|394.0|
||2017|391.0|
||2018|389.0|
||2019|395.0|
||2020|362.0|
||2021|400.0|
||2022|458.0|
||2023|484.0|
||2024|506.0|
|1. (15+) ve Erkek ve 61. (35-39) ve 32. (Lise Dengi Mesleki Okul)|2014|372.0|
||2015|401.0|
||2016|413.0|
||2017|435.0|
||2018|443.0|
||2019|432.0|
||2020|431.0|
||2021|396.0|
||2022|383.0|
||2023|361.0|
||2024|352.0|
|1. (15+) ve Erkek ve 61. (35-39) ve 4. (Yüksek Öğretim)|2014|580.0|
||2015|630.0|
||2016|680.0|
||2017|726.0|
||2018|757.0|
||2019|823.0|
||2020|848.0|
||2021|879.0|
||2022|927.0|
||2023|982.0|
||2024|1027.0|
|1. (15+) ve Erkek ve 62. (40-44) ve 1. (Okuma Yazma Bilmeyen)|2014|40.0|
||2015|24.0|
||2016|30.0|
||2017|29.0|
||2018|21.0|
||2019|25.0|
||2020|23.0|
||2021|24.0|
||2022|30.0|
||2023|30.0|
||2024|21.0|
|1. (15+) ve Erkek ve 62. (40-44) ve 21. (Okuma Yazma Bilen Fakat Bir Okul Bitirmeyen)|2014|42.0|
||2015|35.0|
||2016|33.0|
||2017|28.0|
||2018|31.0|
||2019|30.0|
||2020|33.0|
||2021|42.0|
||2022|40.0|
||2023|45.0|
||2024|54.0|
|1. (15+) ve Erkek ve 62. (40-44) ve 22. (İlkokul)|2014|1218.0|
||2015|1217.0|
||2016|1185.0|
||2017|1173.0|
||2018|1136.0|
||2019|1082.0|
||2020|1002.0|
||2021|1009.0|
||2022|1005.0|
||2023|912.0|
||2024|869.0|
|1. (15+) ve Erkek ve 62. (40-44) ve 23. (İlköğretim)|2014|11.0|
||2015|13.0|
||2016|12.0|
||2017|9.0|
||2018|10.0|
||2019|9.0|
||2020|7.0|
|1. (15+) ve Erkek ve 62. (40-44) ve 24. (Ortaokul Veya Dengi Meslek Ortaokul)|2014|333.0|
||2015|325.0|
||2016|299.0|
||2017|310.0|
||2018|313.0|
||2019|318.0|
||2020|326.0|
|1. (15+) ve Erkek ve 62. (40-44) ve 25. (Genel Ortaokul/ Mesleki Veya Teknik Ortaokul/İlkögretim)|2021|403.0|
||2022|430.0|
||2023|438.0|
||2024|457.0|
|1. (15+) ve Erkek ve 62. (40-44) ve 31. (Genel Lise)|2014|220.0|
||2015|230.0|
||2016|253.0|
||2017|277.0|
||2018|317.0|
||2019|353.0|
||2020|372.0|
||2021|419.0|
||2022|460.0|
||2023|468.0|
||2024|435.0|
|1. (15+) ve Erkek ve 62. (40-44) ve 32. (Lise Dengi Mesleki Okul)|2014|238.0|
||2015|274.0|
||2016|291.0|
||2017|320.0|
||2018|347.0|
||2019|354.0|
||2020|363.0|
||2021|384.0|
||2022|388.0|
||2023|389.0|
||2024|387.0|
|1. (15+) ve Erkek ve 62. (40-44) ve 4. (Yüksek Öğretim)|2014|426.0|
||2015|467.0|
||2016|511.0|
||2017|538.0|
||2018|555.0|
||2019|592.0|
||2020|670.0|
||2021|682.0|
||2022|698.0|
||2023|756.0|
||2024|799.0|
|1. (15+) ve Erkek ve 63. (45-49) ve 1. (Okuma Yazma Bilmeyen)|2014|37.0|
||2015|35.0|
||2016|29.0|
||2017|30.0|
||2018|32.0|
||2019|31.0|
||2020|24.0|
||2021|31.0|
||2022|25.0|
||2023|18.0|
||2024|19.0|
|1. (15+) ve Erkek ve 63. (45-49) ve 21. (Okuma Yazma Bilen Fakat Bir Okul Bitirmeyen)|2014|40.0|
||2015|36.0|
||2016|34.0|
||2017|36.0|
||2018|34.0|
||2019|38.0|
||2020|38.0|
||2021|40.0|
||2022|40.0|
||2023|36.0|
||2024|36.0|
|1. (15+) ve Erkek ve 63. (45-49) ve 22. (İlkokul)|2014|1116.0|
||2015|1114.0|
||2016|1120.0|
||2017|1149.0|
||2018|1176.0|
||2019|1217.0|
||2020|1153.0|
||2021|1144.0|
||2022|1128.0|
||2023|1054.0|
||2024|1007.0|
|1. (15+) ve Erkek ve 63. (45-49) ve 23. (İlköğretim)|2014|6.0|
||2015|7.0|
||2016|7.0|
||2017|7.0|
||2018|7.0|
||2019|6.0|
||2020|5.0|
|1. (15+) ve Erkek ve 63. (45-49) ve 24. (Ortaokul Veya Dengi Meslek Ortaokul)|2014|281.0|
||2015|280.0|
||2016|278.0|
||2017|302.0|
||2018|322.0|
||2019|314.0|
||2020|301.0|
|1. (15+) ve Erkek ve 63. (45-49) ve 25. (Genel Ortaokul/ Mesleki Veya Teknik Ortaokul/İlkögretim)|2021|315.0|
||2022|341.0|
||2023|324.0|
||2024|306.0|
|1. (15+) ve Erkek ve 63. (45-49) ve 31. (Genel Lise)|2014|163.0|
||2015|160.0|
||2016|167.0|
||2017|171.0|
||2018|192.0|
||2019|213.0|
||2020|232.0|
||2021|255.0|
||2022|282.0|
||2023|319.0|
||2024|372.0|
|1. (15+) ve Erkek ve 63. (45-49) ve 32. (Lise Dengi Mesleki Okul)|2014|156.0|
||2015|160.0|
||2016|188.0|
||2017|198.0|
||2018|201.0|
||2019|225.0|
||2020|242.0|
||2021|253.0|
||2022|270.0|
||2023|276.0|
||2024|303.0|
|1. (15+) ve Erkek ve 63. (45-49) ve 4. (Yüksek Öğretim)|2014|283.0|
||2015|286.0|
||2016|305.0|
||2017|343.0|
||2018|378.0|
||2019|396.0|
||2020|448.0|
||2021|479.0|
||2022|489.0|
||2023|514.0|
||2024|552.0|
|1. (15+) ve Erkek ve 64. (50-54) ve 1. (Okuma Yazma Bilmeyen)|2014|37.0|
||2015|34.0|
||2016|39.0|
||2017|41.0|
||2018|32.0|
||2019|29.0|
||2020|27.0|
||2021|24.0|
||2022|26.0|
||2023|27.0|
||2024|24.0|
|1. (15+) ve Erkek ve 64. (50-54) ve 21. (Okuma Yazma Bilen Fakat Bir Okul Bitirmeyen)|2014|39.0|
||2015|37.0|
||2016|36.0|
||2017|40.0|
||2018|43.0|
||2019|34.0|
||2020|35.0|
||2021|37.0|
||2022|39.0|
||2023|35.0|
||2024|29.0|
|1. (15+) ve Erkek ve 64. (50-54) ve 22. (İlkokul)|2014|848.0|
||2015|902.0|
||2016|940.0|
||2017|971.0|
||2018|970.0|
||2019|986.0|
||2020|912.0|
||2021|917.0|
||2022|997.0|
||2023|993.0|
||2024|1004.0|
|1. (15+) ve Erkek ve 64. (50-54) ve 23. (İlköğretim)|2014|3.0|
||2015|3.0|
||2016|4.0|
||2017|2.0|
||2018|2.0|
||2019|3.0|
||2020|1.0|
|1. (15+) ve Erkek ve 64. (50-54) ve 24. (Ortaokul Veya Dengi Meslek Ortaokul)|2014|176.0|
||2015|208.0|
||2016|227.0|
||2017|234.0|
||2018|237.0|
||2019|232.0|
||2020|217.0|
|1. (15+) ve Erkek ve 64. (50-54) ve 25. (Genel Ortaokul/ Mesleki Veya Teknik Ortaokul/İlkögretim)|2021|235.0|
||2022|251.0|
||2023|271.0|
||2024|289.0|
|1. (15+) ve Erkek ve 64. (50-54) ve 31. (Genel Lise)|2014|149.0|
||2015|150.0|
||2016|151.0|
||2017|154.0|
||2018|156.0|
||2019|142.0|
||2020|140.0|
||2021|158.0|
||2022|180.0|
||2023|191.0|
||2024|209.0|
|1. (15+) ve Erkek ve 64. (50-54) ve 32. (Lise Dengi Mesleki Okul)|2014|114.0|
||2015|109.0|
||2016|116.0|
||2017|116.0|
||2018|117.0|
||2019|129.0|
||2020|124.0|
||2021|135.0|
||2022|151.0|
||2023|171.0|
||2024|182.0|
|1. (15+) ve Erkek ve 64. (50-54) ve 4. (Yüksek Öğretim)|2014|170.0|
||2015|210.0|
||2016|227.0|
||2017|240.0|
||2018|246.0|
||2019|276.0|
||2020|276.0|
||2021|311.0|
||2022|315.0|
||2023|335.0|
||2024|386.0|
|1. (15+) ve Erkek ve 71. (55-59) ve 1. (Okuma Yazma Bilmeyen)|2014|45.0|
||2015|34.0|
||2016|33.0|
||2017|34.0|
||2018|36.0|
||2019|32.0|
||2020|25.0|
||2021|34.0|
||2022|35.0|
||2023|26.0|
||2024|30.0|
|1. (15+) ve Erkek ve 71. (55-59) ve 21. (Okuma Yazma Bilen Fakat Bir Okul Bitirmeyen)|2014|40.0|
||2015|37.0|
||2016|32.0|
||2017|29.0|
||2018|29.0|
||2019|37.0|
||2020|37.0|
||2021|39.0|
||2022|30.0|
||2023|27.0|
||2024|29.0|
|1. (15+) ve Erkek ve 71. (55-59) ve 22. (İlkokul)|2014|575.0|
||2015|613.0|
||2016|643.0|
||2017|686.0|
||2018|720.0|
||2019|701.0|
||2020|667.0|
||2021|754.0|
||2022|782.0|
||2023|787.0|
||2024|789.0|
|1. (15+) ve Erkek ve 71. (55-59) ve 23. (İlköğretim)|2014|1.0|
||2015|1.0|
||2016|2.0|
||2017|1.0|
||2018|1.0|
||2019|1.0|
||2020|1.0|
|1. (15+) ve Erkek ve 71. (55-59) ve 24. (Ortaokul Veya Dengi Meslek Ortaokul)|2014|75.0|
||2015|88.0|
||2016|101.0|
||2017|113.0|
||2018|134.0|
||2019|144.0|
||2020|153.0|
|1. (15+) ve Erkek ve 71. (55-59) ve 25. (Genel Ortaokul/ Mesleki Veya Teknik Ortaokul/İlkögretim)|2021|182.0|
||2022|192.0|
||2023|202.0|
||2024|205.0|
|1. (15+) ve Erkek ve 71. (55-59) ve 31. (Genel Lise)|2014|62.0|
||2015|71.0|
||2016|88.0|
||2017|110.0|
||2018|127.0|
||2019|126.0|
||2020|116.0|
||2021|124.0|
||2022|127.0|
||2023|121.0|
||2024|126.0|
|1. (15+) ve Erkek ve 71. (55-59) ve 32. (Lise Dengi Mesleki Okul)|2014|52.0|
||2015|56.0|
||2016|68.0|
||2017|85.0|
||2018|86.0|
||2019|87.0|
||2020|79.0|
||2021|85.0|
||2022|99.0|
||2023|116.0|
||2024|122.0|
|1. (15+) ve Erkek ve 71. (55-59) ve 4. (Yüksek Öğretim)|2014|124.0|
||2015|128.0|
||2016|132.0|
||2017|136.0|
||2018|144.0|
||2019|167.0|
||2020|179.0|
||2021|175.0|
||2022|179.0|
||2023|205.0|
||2024|226.0|
|1. (15+) ve Erkek ve 72. (60-64) ve 1. (Okuma Yazma Bilmeyen)|2014|34.0|
||2015|33.0|
||2016|30.0|
||2017|33.0|
||2018|25.0|
||2019|28.0|
||2020|24.0|
||2021|20.0|
||2022|23.0|
||2023|24.0|
||2024|25.0|
|1. (15+) ve Erkek ve 72. (60-64) ve 21. (Okuma Yazma Bilen Fakat Bir Okul Bitirmeyen)|2014|47.0|
||2015|33.0|
||2016|35.0|
||2017|31.0|
||2018|30.0|
||2019|28.0|
||2020|27.0|
||2021|21.0|
||2022|25.0|
||2023|25.0|
||2024|21.0|
|1. (15+) ve Erkek ve 72. (60-64) ve 22. (İlkokul)|2014|345.0|
||2015|381.0|
||2016|444.0|
||2017|459.0|
||2018|476.0|
||2019|447.0|
||2020|413.0|
||2021|447.0|
||2022|467.0|
||2023|493.0|
||2024|561.0|
|1. (15+) ve Erkek ve 72. (60-64) ve 23. (İlköğretim)|2014|1.0|
||2015|1.0|
||2016|0.0|
||2017|0.0|
||2018|1.0|
||2019|1.0|
||2020|0.0|
|1. (15+) ve Erkek ve 72. (60-64) ve 24. (Ortaokul Veya Dengi Meslek Ortaokul)|2014|38.0|
||2015|40.0|
||2016|52.0|
||2017|61.0|
||2018|67.0|
||2019|65.0|
||2020|59.0|
|1. (15+) ve Erkek ve 72. (60-64) ve 25. (Genel Ortaokul/ Mesleki Veya Teknik Ortaokul/İlkögretim)|2021|74.0|
||2022|79.0|
||2023|97.0|
||2024|122.0|
|1. (15+) ve Erkek ve 72. (60-64) ve 31. (Genel Lise)|2014|28.0|
||2015|29.0|
||2016|33.0|
||2017|48.0|
||2018|45.0|
||2019|49.0|
||2020|53.0|
||2021|63.0|
||2022|81.0|
||2023|95.0|
||2024|95.0|
|1. (15+) ve Erkek ve 72. (60-64) ve 32. (Lise Dengi Mesleki Okul)|2014|21.0|
||2015|24.0|
||2016|29.0|
||2017|32.0|
||2018|38.0|
||2019|40.0|
||2020|43.0|
||2021|56.0|
||2022|55.0|
||2023|52.0|
||2024|60.0|
|1. (15+) ve Erkek ve 72. (60-64) ve 4. (Yüksek Öğretim)|2014|67.0|
||2015|78.0|
||2016|82.0|
||2017|86.0|
||2018|92.0|
||2019|109.0|
||2020|113.0|
||2021|106.0|
||2022|112.0|
||2023|117.0|
||2024|140.0|
|1. (15+) ve Erkek ve 8. (65+) ve 1. (Okuma Yazma Bilmeyen)|2014|63.0|
||2015|58.0|
||2016|52.0|
||2017|60.0|
||2018|47.0|
||2019|48.0|
||2020|31.0|
||2021|37.0|
||2022|37.0|
||2023|31.0|
||2024|38.0|
|1. (15+) ve Erkek ve 8. (65+) ve 21. (Okuma Yazma Bilen Fakat Bir Okul Bitirmeyen)|2014|81.0|
||2015|72.0|
||2016|70.0|
||2017|66.0|
||2018|75.0|
||2019|55.0|
||2020|40.0|
||2021|43.0|
||2022|43.0|
||2023|34.0|
||2024|34.0|
|1. (15+) ve Erkek ve 8. (65+) ve 22. (İlkokul)|2014|282.0|
||2015|322.0|
||2016|341.0|
||2017|368.0|
||2018|390.0|
||2019|404.0|
||2020|348.0|
||2021|407.0|
||2022|449.0|
||2023|463.0|
||2024|506.0|
|1. (15+) ve Erkek ve 8. (65+) ve 23. (İlköğretim)|2014|0.0|
||2015|0.0|
||2016|0.0|
||2017|0.0|
||2018|0.0|
||2019|-9.93E8|
||2020|-9.93E8|
|1. (15+) ve Erkek ve 8. (65+) ve 24. (Ortaokul Veya Dengi Meslek Ortaokul)|2014|23.0|
||2015|26.0|
||2016|23.0|
||2017|30.0|
||2018|39.0|
||2019|40.0|
||2020|44.0|
|1. (15+) ve Erkek ve 8. (65+) ve 25. (Genel Ortaokul/ Mesleki Veya Teknik Ortaokul/İlkögretim)|2021|52.0|
||2022|53.0|
||2023|66.0|
||2024|79.0|
|1. (15+) ve Erkek ve 8. (65+) ve 31. (Genel Lise)|2014|13.0|
||2015|14.0|
||2016|15.0|
||2017|19.0|
||2018|17.0|
||2019|20.0|
||2020|21.0|
||2021|26.0|
||2022|38.0|
||2023|40.0|
||2024|51.0|
|1. (15+) ve Erkek ve 8. (65+) ve 32. (Lise Dengi Mesleki Okul)|2014|10.0|
||2015|14.0|
||2016|13.0|
||2017|16.0|
||2018|15.0|
||2019|18.0|
||2020|19.0|
||2021|24.0|
||2022|26.0|
||2023|32.0|
||2024|35.0|
|1. (15+) ve Erkek ve 8. (65+) ve 4. (Yüksek Öğretim)|2014|33.0|
||2015|38.0|
||2016|48.0|
||2017|51.0|
||2018|61.0|
||2019|62.0|
||2020|72.0|
||2021|81.0|
||2022|93.0|
||2023|94.0|
||2024|103.0|
|1. (15+) ve Kadın ve 3. (15-19) ve 1. (Okuma Yazma Bilmeyen)|2014|13.0|
||2015|10.0|
||2016|8.0|
||2017|6.0|
||2018|5.0|
||2019|4.0|
||2020|4.0|
||2021|3.0|
||2022|2.0|
||2023|0.0|
||2024|2.0|
|1. (15+) ve Kadın ve 3. (15-19) ve 21. (Okuma Yazma Bilen Fakat Bir Okul Bitirmeyen)|2014|54.0|
||2015|55.0|
||2016|56.0|
||2017|48.0|
||2018|33.0|
||2019|21.0|
||2020|16.0|
||2021|13.0|
||2022|19.0|
||2023|13.0|
||2024|14.0|
|1. (15+) ve Kadın ve 3. (15-19) ve 22. (İlkokul)|2014|7.0|
||2015|12.0|
||2016|13.0|
||2017|23.0|
||2018|21.0|
||2019|26.0|
||2020|16.0|
||2021|19.0|
||2022|16.0|
||2023|23.0|
||2024|21.0|
|1. (15+) ve Kadın ve 3. (15-19) ve 23. (İlköğretim)|2014|311.0|
||2015|272.0|
||2016|177.0|
||2017|60.0|
||2018|12.0|
||2019|1.0|
||2020|-9.93E8|
|1. (15+) ve Kadın ve 3. (15-19) ve 24. (Ortaokul Veya Dengi Meslek Ortaokul)|2014|26.0|
||2015|99.0|
||2016|184.0|
||2017|252.0|
||2018|293.0|
||2019|313.0|
||2020|227.0|
|1. (15+) ve Kadın ve 3. (15-19) ve 25. (Genel Ortaokul/ Mesleki Veya Teknik Ortaokul/İlkögretim)|2021|233.0|
||2022|240.0|
||2023|273.0|
||2024|315.0|
|1. (15+) ve Kadın ve 3. (15-19) ve 31. (Genel Lise)|2014|41.0|
||2015|41.0|
||2016|47.0|
||2017|46.0|
||2018|50.0|
||2019|60.0|
||2020|47.0|
||2021|70.0|
||2022|89.0|
||2023|123.0|
||2024|149.0|
|1. (15+) ve Kadın ve 3. (15-19) ve 32. (Lise Dengi Mesleki Okul)|2014|65.0|
||2015|74.0|
||2016|88.0|
||2017|109.0|
||2018|114.0|
||2019|110.0|
||2020|85.0|
||2021|86.0|
||2022|95.0|
||2023|82.0|
||2024|92.0|
|1. (15+) ve Kadın ve 3. (15-19) ve 4. (Yüksek Öğretim)|2014|3.0|
||2015|4.0|
||2016|4.0|
||2017|5.0|
||2018|6.0|
||2019|4.0|
||2020|3.0|
||2021|2.0|
||2022|2.0|
||2023|3.0|
||2024|3.0|
|1. (15+) ve Kadın ve 4. (20-24) ve 1. (Okuma Yazma Bilmeyen)|2014|37.0|
||2015|31.0|
||2016|17.0|
||2017|15.0|
||2018|15.0|
||2019|13.0|
||2020|13.0|
||2021|7.0|
||2022|8.0|
||2023|4.0|
||2024|3.0|
|1. (15+) ve Kadın ve 4. (20-24) ve 21. (Okuma Yazma Bilen Fakat Bir Okul Bitirmeyen)|2014|74.0|
||2015|70.0|
||2016|65.0|
||2017|58.0|
||2018|51.0|
||2019|48.0|
||2020|29.0|
||2021|24.0|
||2022|29.0|
||2023|24.0|
||2024|17.0|
|1. (15+) ve Kadın ve 4. (20-24) ve 22. (İlkokul)|2014|7.0|
||2015|7.0|
||2016|4.0|
||2017|7.0|
||2018|11.0|
||2019|10.0|
||2020|13.0|
||2021|16.0|
||2022|13.0|
||2023|18.0|
||2024|12.0|
|1. (15+) ve Kadın ve 4. (20-24) ve 23. (İlköğretim)|2014|299.0|
||2015|290.0|
||2016|287.0|
||2017|296.0|
||2018|260.0|
||2019|198.0|
||2020|111.0|
|1. (15+) ve Kadın ve 4. (20-24) ve 24. (Ortaokul Veya Dengi Meslek Ortaokul)|2014|1.0|
||2015|2.0|
||2016|3.0|
||2017|8.0|
||2018|26.0|
||2019|63.0|
||2020|94.0|
|1. (15+) ve Kadın ve 4. (20-24) ve 25. (Genel Ortaokul/ Mesleki Veya Teknik Ortaokul/İlkögretim)|2021|180.0|
||2022|161.0|
||2023|139.0|
||2024|114.0|
|1. (15+) ve Kadın ve 4. (20-24) ve 31. (Genel Lise)|2014|164.0|
||2015|171.0|
||2016|156.0|
||2017|162.0|
||2018|163.0|
||2019|181.0|
||2020|168.0|
||2021|226.0|
||2022|258.0|
||2023|302.0|
||2024|299.0|
|1. (15+) ve Kadın ve 4. (20-24) ve 32. (Lise Dengi Mesleki Okul)|2014|165.0|
||2015|195.0|
||2016|213.0|
||2017|203.0|
||2018|229.0|
||2019|269.0|
||2020|242.0|
||2021|271.0|
||2022|300.0|
||2023|316.0|
||2024|296.0|
|1. (15+) ve Kadın ve 4. (20-24) ve 4. (Yüksek Öğretim)|2014|357.0|
||2015|423.0|
||2016|466.0|
||2017|525.0|
||2018|525.0|
||2019|555.0|
||2020|514.0|
||2021|587.0|
||2022|586.0|
||2023|579.0|
||2024|582.0|
|1. (15+) ve Kadın ve 51. (25-29) ve 1. (Okuma Yazma Bilmeyen)|2014|37.0|
||2015|34.0|
||2016|24.0|
||2017|35.0|
||2018|28.0|
||2019|29.0|
||2020|17.0|
||2021|13.0|
||2022|21.0|
||2023|14.0|
||2024|5.0|
|1. (15+) ve Kadın ve 51. (25-29) ve 21. (Okuma Yazma Bilen Fakat Bir Okul Bitirmeyen)|2014|58.0|
||2015|59.0|
||2016|66.0|
||2017|75.0|
||2018|66.0|
||2019|68.0|
||2020|47.0|
||2021|39.0|
||2022|41.0|
||2023|27.0|
||2024|26.0|
|1. (15+) ve Kadın ve 51. (25-29) ve 22. (İlkokul)|2014|162.0|
||2015|98.0|
||2016|58.0|
||2017|25.0|
||2018|18.0|
||2019|12.0|
||2020|8.0|
||2021|7.0|
||2022|11.0|
||2023|8.0|
||2024|11.0|
|1. (15+) ve Kadın ve 51. (25-29) ve 23. (İlköğretim)|2014|135.0|
||2015|182.0|
||2016|213.0|
||2017|244.0|
||2018|233.0|
||2019|243.0|
||2020|212.0|
|1. (15+) ve Kadın ve 51. (25-29) ve 24. (Ortaokul Veya Dengi Meslek Ortaokul)|2014|44.0|
||2015|28.0|
||2016|17.0|
||2017|8.0|
||2018|9.0|
||2019|7.0|
||2020|8.0|
|1. (15+) ve Kadın ve 51. (25-29) ve 25. (Genel Ortaokul/ Mesleki Veya Teknik Ortaokul/İlkögretim)|2021|216.0|
||2022|221.0|
||2023|185.0|
||2024|153.0|
|1. (15+) ve Kadın ve 51. (25-29) ve 31. (Genel Lise)|2014|169.0|
||2015|157.0|
||2016|169.0|
||2017|170.0|
||2018|158.0|
||2019|139.0|
||2020|114.0|
||2021|129.0|
||2022|171.0|
||2023|174.0|
||2024|197.0|
|1. (15+) ve Kadın ve 51. (25-29) ve 32. (Lise Dengi Mesleki Okul)|2014|120.0|
||2015|116.0|
||2016|112.0|
||2017|114.0|
||2018|119.0|
||2019|128.0|
||2020|110.0|
||2021|107.0|
||2022|135.0|
||2023|167.0|
||2024|172.0|
|1. (15+) ve Kadın ve 51. (25-29) ve 4. (Yüksek Öğretim)|2014|609.0|
||2015|682.0|
||2016|750.0|
||2017|800.0|
||2018|851.0|
||2019|896.0|
||2020|891.0|
||2021|1016.0|
||2022|1058.0|
||2023|1137.0|
||2024|1170.0|
|1. (15+) ve Kadın ve 52. (30-34) ve 1. (Okuma Yazma Bilmeyen)|2014|44.0|
||2015|38.0|
||2016|33.0|
||2017|38.0|
||2018|44.0|
||2019|43.0|
||2020|33.0|
||2021|34.0|
||2022|34.0|
||2023|30.0|
||2024|24.0|
|1. (15+) ve Kadın ve 52. (30-34) ve 21. (Okuma Yazma Bilen Fakat Bir Okul Bitirmeyen)|2014|34.0|
||2015|32.0|
||2016|37.0|
||2017|41.0|
||2018|51.0|
||2019|70.0|
||2020|56.0|
||2021|48.0|
||2022|62.0|
||2023|62.0|
||2024|62.0|
|1. (15+) ve Kadın ve 52. (30-34) ve 22. (İlkokul)|2014|421.0|
||2015|387.0|
||2016|373.0|
||2017|340.0|
||2018|263.0|
||2019|192.0|
||2020|115.0|
||2021|78.0|
||2022|43.0|
||2023|29.0|
||2024|17.0|
|1. (15+) ve Kadın ve 52. (30-34) ve 23. (İlköğretim)|2014|14.0|
||2015|10.0|
||2016|22.0|
||2017|37.0|
||2018|84.0|
||2019|116.0|
||2020|128.0|
|1. (15+) ve Kadın ve 52. (30-34) ve 24. (Ortaokul Veya Dengi Meslek Ortaokul)|2014|99.0|
||2015|108.0|
||2016|95.0|
||2017|89.0|
||2018|96.0|
||2019|77.0|
||2020|49.0|
|1. (15+) ve Kadın ve 52. (30-34) ve 25. (Genel Ortaokul/ Mesleki Veya Teknik Ortaokul/İlkögretim)|2021|228.0|
||2022|242.0|
||2023|219.0|
||2024|226.0|
|1. (15+) ve Kadın ve 52. (30-34) ve 31. (Genel Lise)|2014|134.0|
||2015|129.0|
||2016|132.0|
||2017|134.0|
||2018|147.0|
||2019|174.0|
||2020|153.0|
||2021|166.0|
||2022|204.0|
||2023|194.0|
||2024|187.0|
|1. (15+) ve Kadın ve 52. (30-34) ve 32. (Lise Dengi Mesleki Okul)|2014|111.0|
||2015|115.0|
||2016|121.0|
||2017|121.0|
||2018|113.0|
||2019|108.0|
||2020|98.0|
||2021|98.0|
||2022|107.0|
||2023|118.0|
||2024|111.0|
|1. (15+) ve Kadın ve 52. (30-34) ve 4. (Yüksek Öğretim)|2014|494.0|
||2015|542.0|
||2016|582.0|
||2017|621.0|
||2018|631.0|
||2019|696.0|
||2020|681.0|
||2021|751.0|
||2022|847.0|
||2023|884.0|
||2024|940.0|
|1. (15+) ve Kadın ve 61. (35-39) ve 1. (Okuma Yazma Bilmeyen)|2014|59.0|
||2015|55.0|
||2016|59.0|
||2017|61.0|
||2018|57.0|
||2019|58.0|
||2020|46.0|
||2021|45.0|
||2022|47.0|
||2023|48.0|
||2024|44.0|
|1. (15+) ve Kadın ve 61. (35-39) ve 21. (Okuma Yazma Bilen Fakat Bir Okul Bitirmeyen)|2014|24.0|
||2015|30.0|
||2016|33.0|
||2017|43.0|
||2018|41.0|
||2019|44.0|
||2020|37.0|
||2021|41.0|
||2022|50.0|
||2023|52.0|
||2024|56.0|
|1. (15+) ve Kadın ve 61. (35-39) ve 22. (İlkokul)|2014|525.0|
||2015|539.0|
||2016|528.0|
||2017|554.0|
||2018|539.0|
||2019|500.0|
||2020|416.0|
||2021|396.0|
||2022|370.0|
||2023|284.0|
||2024|229.0|
|1. (15+) ve Kadın ve 61. (35-39) ve 23. (İlköğretim)|2014|9.0|
||2015|10.0|
||2016|9.0|
||2017|6.0|
||2018|6.0|
||2019|5.0|
||2020|4.0|
|1. (15+) ve Kadın ve 61. (35-39) ve 24. (Ortaokul Veya Dengi Meslek Ortaokul)|2014|64.0|
||2015|77.0|
||2016|100.0|
||2017|103.0|
||2018|114.0|
||2019|127.0|
||2020|125.0|
|1. (15+) ve Kadın ve 61. (35-39) ve 25. (Genel Ortaokul/ Mesleki Veya Teknik Ortaokul/İlkögretim)|2021|132.0|
||2022|152.0|
||2023|177.0|
||2024|221.0|
|1. (15+) ve Kadın ve 61. (35-39) ve 31. (Genel Lise)|2014|121.0|
||2015|126.0|
||2016|146.0|
||2017|156.0|
||2018|159.0|
||2019|150.0|
||2020|132.0|
||2021|154.0|
||2022|204.0|
||2023|232.0|
||2024|245.0|
|1. (15+) ve Kadın ve 61. (35-39) ve 32. (Lise Dengi Mesleki Okul)|2014|95.0|
||2015|108.0|
||2016|117.0|
||2017|127.0|
||2018|131.0|
||2019|133.0|
||2020|118.0|
||2021|105.0|
||2022|107.0|
||2023|124.0|
||2024|108.0|
|1. (15+) ve Kadın ve 61. (35-39) ve 4. (Yüksek Öğretim)|2014|327.0|
||2015|374.0|
||2016|432.0|
||2017|487.0|
||2018|520.0|
||2019|523.0|
||2020|561.0|
||2021|585.0|
||2022|626.0|
||2023|675.0|
||2024|718.0|
|1. (15+) ve Kadın ve 62. (40-44) ve 1. (Okuma Yazma Bilmeyen)|2014|87.0|
||2015|83.0|
||2016|76.0|
||2017|77.0|
||2018|78.0|
||2019|66.0|
||2020|51.0|
||2021|68.0|
||2022|83.0|
||2023|70.0|
||2024|71.0|
|1. (15+) ve Kadın ve 62. (40-44) ve 21. (Okuma Yazma Bilen Fakat Bir Okul Bitirmeyen)|2014|38.0|
||2015|34.0|
||2016|40.0|
||2017|35.0|
||2018|38.0|
||2019|39.0|
||2020|31.0|
||2021|36.0|
||2022|49.0|
||2023|55.0|
||2024|53.0|
|1. (15+) ve Kadın ve 62. (40-44) ve 22. (İlkokul)|2014|582.0|
||2015|627.0|
||2016|645.0|
||2017|637.0|
||2018|629.0|
||2019|626.0|
||2020|552.0|
||2021|574.0|
||2022|606.0|
||2023|569.0|
||2024|531.0|
|1. (15+) ve Kadın ve 62. (40-44) ve 23. (İlköğretim)|2014|4.0|
||2015|5.0|
||2016|6.0|
||2017|6.0|
||2018|6.0|
||2019|6.0|
||2020|3.0|
|1. (15+) ve Kadın ve 62. (40-44) ve 24. (Ortaokul Veya Dengi Meslek Ortaokul)|2014|62.0|
||2015|68.0|
||2016|77.0|
||2017|79.0|
||2018|95.0|
||2019|93.0|
||2020|100.0|
|1. (15+) ve Kadın ve 62. (40-44) ve 25. (Genel Ortaokul/ Mesleki Veya Teknik Ortaokul/İlkögretim)|2021|112.0|
||2022|122.0|
||2023|139.0|
||2024|153.0|
|1. (15+) ve Kadın ve 62. (40-44) ve 31. (Genel Lise)|2014|79.0|
||2015|88.0|
||2016|87.0|
||2017|106.0|
||2018|123.0|
||2019|131.0|
||2020|132.0|
||2021|163.0|
||2022|207.0|
||2023|218.0|
||2024|220.0|
|1. (15+) ve Kadın ve 62. (40-44) ve 32. (Lise Dengi Mesleki Okul)|2014|53.0|
||2015|59.0|
||2016|67.0|
||2017|83.0|
||2018|92.0|
||2019|95.0|
||2020|88.0|
||2021|86.0|
||2022|108.0|
||2023|120.0|
||2024|114.0|
|1. (15+) ve Kadın ve 62. (40-44) ve 4. (Yüksek Öğretim)|2014|187.0|
||2015|212.0|
||2016|249.0|
||2017|281.0|
||2018|297.0|
||2019|343.0|
||2020|388.0|
||2021|423.0|
||2022|449.0|
||2023|487.0|
||2024|522.0|
|1. (15+) ve Kadın ve 63. (45-49) ve 1. (Okuma Yazma Bilmeyen)|2014|98.0|
||2015|100.0|
||2016|87.0|
||2017|87.0|
||2018|89.0|
||2019|96.0|
||2020|70.0|
||2021|65.0|
||2022|71.0|
||2023|66.0|
||2024|63.0|
|1. (15+) ve Kadın ve 63. (45-49) ve 21. (Okuma Yazma Bilen Fakat Bir Okul Bitirmeyen)|2014|47.0|
||2015|45.0|
||2016|42.0|
||2017|43.0|
||2018|49.0|
||2019|49.0|
||2020|34.0|
||2021|34.0|
||2022|39.0|
||2023|38.0|
||2024|34.0|
|1. (15+) ve Kadın ve 63. (45-49) ve 22. (İlkokul)|2014|405.0|
||2015|414.0|
||2016|455.0|
||2017|507.0|
||2018|571.0|
||2019|585.0|
||2020|537.0|
||2021|555.0|
||2022|595.0|
||2023|593.0|
||2024|621.0|
|1. (15+) ve Kadın ve 63. (45-49) ve 23. (İlköğretim)|2014|1.0|
||2015|1.0|
||2016|1.0|
||2017|1.0|
||2018|2.0|
||2019|5.0|
||2020|1.0|
|1. (15+) ve Kadın ve 63. (45-49) ve 24. (Ortaokul Veya Dengi Meslek Ortaokul)|2014|40.0|
||2015|46.0|
||2016|49.0|
||2017|63.0|
||2018|72.0|
||2019|85.0|
||2020|84.0|
|1. (15+) ve Kadın ve 63. (45-49) ve 25. (Genel Ortaokul/ Mesleki Veya Teknik Ortaokul/İlkögretim)|2021|101.0|
||2022|106.0|
||2023|100.0|
||2024|98.0|
|1. (15+) ve Kadın ve 63. (45-49) ve 31. (Genel Lise)|2014|48.0|
||2015|52.0|
||2016|63.0|
||2017|68.0|
||2018|78.0|
||2019|79.0|
||2020|97.0|
||2021|111.0|
||2022|132.0|
||2023|148.0|
||2024|168.0|
|1. (15+) ve Kadın ve 63. (45-49) ve 32. (Lise Dengi Mesleki Okul)|2014|30.0|
||2015|34.0|
||2016|32.0|
||2017|43.0|
||2018|47.0|
||2019|48.0|
||2020|50.0|
||2021|61.0|
||2022|75.0|
||2023|70.0|
||2024|78.0|
|1. (15+) ve Kadın ve 63. (45-49) ve 4. (Yüksek Öğretim)|2014|116.0|
||2015|121.0|
||2016|141.0|
||2017|167.0|
||2018|181.0|
||2019|198.0|
||2020|221.0|
||2021|252.0|
||2022|273.0|
||2023|290.0|
||2024|324.0|
|1. (15+) ve Kadın ve 64. (50-54) ve 1. (Okuma Yazma Bilmeyen)|2014|112.0|
||2015|121.0|
||2016|105.0|
||2017|122.0|
||2018|110.0|
||2019|92.0|
||2020|73.0|
||2021|69.0|
||2022|76.0|
||2023|73.0|
||2024|84.0|
|1. (15+) ve Kadın ve 64. (50-54) ve 21. (Okuma Yazma Bilen Fakat Bir Okul Bitirmeyen)|2014|39.0|
||2015|43.0|
||2016|47.0|
||2017|45.0|
||2018|55.0|
||2019|44.0|
||2020|36.0|
||2021|30.0|
||2022|36.0|
||2023|39.0|
||2024|44.0|
|1. (15+) ve Kadın ve 64. (50-54) ve 22. (İlkokul)|2014|280.0|
||2015|316.0|
||2016|340.0|
||2017|378.0|
||2018|363.0|
||2019|363.0|
||2020|328.0|
||2021|394.0|
||2022|441.0|
||2023|465.0|
||2024|505.0|
|1. (15+) ve Kadın ve 64. (50-54) ve 23. (İlköğretim)|2014|0.0|
||2015|1.0|
||2016|1.0|
||2017|1.0|
||2018|1.0|
||2019|0.0|
||2020|1.0|
|1. (15+) ve Kadın ve 64. (50-54) ve 24. (Ortaokul Veya Dengi Meslek Ortaokul)|2014|22.0|
||2015|25.0|
||2016|31.0|
||2017|31.0|
||2018|50.0|
||2019|48.0|
||2020|41.0|
|1. (15+) ve Kadın ve 64. (50-54) ve 25. (Genel Ortaokul/ Mesleki Veya Teknik Ortaokul/İlkögretim)|2021|49.0|
||2022|59.0|
||2023|70.0|
||2024|78.0|
|1. (15+) ve Kadın ve 64. (50-54) ve 31. (Genel Lise)|2014|28.0|
||2015|31.0|
||2016|37.0|
||2017|33.0|
||2018|38.0|
||2019|45.0|
||2020|48.0|
||2021|61.0|
||2022|65.0|
||2023|78.0|
||2024|102.0|
|1. (15+) ve Kadın ve 64. (50-54) ve 32. (Lise Dengi Mesleki Okul)|2014|16.0|
||2015|18.0|
||2016|19.0|
||2017|23.0|
||2018|26.0|
||2019|30.0|
||2020|23.0|
||2021|28.0|
||2022|27.0|
||2023|38.0|
||2024|40.0|
|1. (15+) ve Kadın ve 64. (50-54) ve 4. (Yüksek Öğretim)|2014|61.0|
||2015|72.0|
||2016|73.0|
||2017|82.0|
||2018|95.0|
||2019|107.0|
||2020|132.0|
||2021|132.0|
||2022|153.0|
||2023|164.0|
||2024|166.0|
|1. (15+) ve Kadın ve 71. (55-59) ve 1. (Okuma Yazma Bilmeyen)|2014|115.0|
||2015|107.0|
||2016|96.0|
||2017|98.0|
||2018|102.0|
||2019|97.0|
||2020|74.0|
||2021|73.0|
||2022|77.0|
||2023|79.0|
||2024|81.0|
|1. (15+) ve Kadın ve 71. (55-59) ve 21. (Okuma Yazma Bilen Fakat Bir Okul Bitirmeyen)|2014|45.0|
||2015|40.0|
||2016|38.0|
||2017|45.0|
||2018|47.0|
||2019|41.0|
||2020|35.0|
||2021|41.0|
||2022|45.0|
||2023|36.0|
||2024|36.0|
|1. (15+) ve Kadın ve 71. (55-59) ve 22. (İlkokul)|2014|152.0|
||2015|175.0|
||2016|187.0|
||2017|204.0|
||2018|237.0|
||2019|257.0|
||2020|241.0|
||2021|279.0|
||2022|296.0|
||2023|307.0|
||2024|320.0|
|1. (15+) ve Kadın ve 71. (55-59) ve 23. (İlköğretim)|2014|1.0|
||2015|0.0|
||2016|0.0|
||2017|0.0|
||2018|1.0|
||2019|1.0|
||2020|0.0|
|1. (15+) ve Kadın ve 71. (55-59) ve 24. (Ortaokul Veya Dengi Meslek Ortaokul)|2014|8.0|
||2015|9.0|
||2016|11.0|
||2017|13.0|
||2018|12.0|
||2019|18.0|
||2020|21.0|
|1. (15+) ve Kadın ve 71. (55-59) ve 25. (Genel Ortaokul/ Mesleki Veya Teknik Ortaokul/İlkögretim)|2021|24.0|
||2022|27.0|
||2023|34.0|
||2024|47.0|
|1. (15+) ve Kadın ve 71. (55-59) ve 31. (Genel Lise)|2014|8.0|
||2015|13.0|
||2016|14.0|
||2017|18.0|
||2018|18.0|
||2019|19.0|
||2020|23.0|
||2021|28.0|
||2022|32.0|
||2023|34.0|
||2024|36.0|
|1. (15+) ve Kadın ve 71. (55-59) ve 32. (Lise Dengi Mesleki Okul)|2014|7.0|
||2015|7.0|
||2016|10.0|
||2017|12.0|
||2018|12.0|
||2019|13.0|
||2020|13.0|
||2021|14.0|
||2022|20.0|
||2023|18.0|
||2024|23.0|
|1. (15+) ve Kadın ve 71. (55-59) ve 4. (Yüksek Öğretim)|2014|29.0|
||2015|34.0|
||2016|35.0|
||2017|28.0|
||2018|36.0|
||2019|48.0|
||2020|53.0|
||2021|60.0|
||2022|66.0|
||2023|73.0|
||2024|93.0|
|1. (15+) ve Kadın ve 72. (60-64) ve 1. (Okuma Yazma Bilmeyen)|2014|98.0|
||2015|97.0|
||2016|107.0|
||2017|102.0|
||2018|99.0|
||2019|89.0|
||2020|68.0|
||2021|61.0|
||2022|68.0|
||2023|68.0|
||2024|73.0|
|1. (15+) ve Kadın ve 72. (60-64) ve 21. (Okuma Yazma Bilen Fakat Bir Okul Bitirmeyen)|2014|35.0|
||2015|36.0|
||2016|34.0|
||2017|37.0|
||2018|44.0|
||2019|38.0|
||2020|26.0|
||2021|23.0|
||2022|27.0|
||2023|31.0|
||2024|35.0|
|1. (15+) ve Kadın ve 72. (60-64) ve 22. (İlkokul)|2014|70.0|
||2015|79.0|
||2016|92.0|
||2017|112.0|
||2018|122.0|
||2019|112.0|
||2020|109.0|
||2021|135.0|
||2022|153.0|
||2023|183.0|
||2024|208.0|
|1. (15+) ve Kadın ve 72. (60-64) ve 23. (İlköğretim)|2014|0.0|
||2015|-9.93E8|
||2016|0.0|
||2017|-9.93E8|
||2018|-9.93E8|
||2019|-9.93E8|
||2020|-9.93E8|
|1. (15+) ve Kadın ve 72. (60-64) ve 24. (Ortaokul Veya Dengi Meslek Ortaokul)|2014|2.0|
||2015|3.0|
||2016|4.0|
||2017|4.0|
||2018|6.0|
||2019|7.0|
||2020|6.0|
|1. (15+) ve Kadın ve 72. (60-64) ve 25. (Genel Ortaokul/ Mesleki Veya Teknik Ortaokul/İlkögretim)|2021|8.0|
||2022|6.0|
||2023|14.0|
||2024|14.0|
|1. (15+) ve Kadın ve 72. (60-64) ve 31. (Genel Lise)|2014|3.0|
||2015|2.0|
||2016|2.0|
||2017|4.0|
||2018|5.0|
||2019|11.0|
||2020|11.0|
||2021|13.0|
||2022|12.0|
||2023|18.0|
||2024|22.0|
|1. (15+) ve Kadın ve 72. (60-64) ve 32. (Lise Dengi Mesleki Okul)|2014|1.0|
||2015|2.0|
||2016|3.0|
||2017|4.0|
||2018|4.0|
||2019|4.0|
||2020|6.0|
||2021|8.0|
||2022|8.0|
||2023|10.0|
||2024|11.0|
|1. (15+) ve Kadın ve 72. (60-64) ve 4. (Yüksek Öğretim)|2014|8.0|
||2015|10.0|
||2016|16.0|
||2017|20.0|
||2018|21.0|
||2019|17.0|
||2020|19.0|
||2021|21.0|
||2022|24.0|
||2023|25.0|
||2024|31.0|
|1. (15+) ve Kadın ve 8. (65+) ve 1. (Okuma Yazma Bilmeyen)|2014|110.0|
||2015|125.0|
||2016|118.0|
||2017|118.0|
||2018|124.0|
||2019|119.0|
||2020|91.0|
||2021|105.0|
||2022|112.0|
||2023|111.0|
||2024|123.0|
|1. (15+) ve Kadın ve 8. (65+) ve 21. (Okuma Yazma Bilen Fakat Bir Okul Bitirmeyen)|2014|30.0|
||2015|30.0|
||2016|31.0|
||2017|33.0|
||2018|36.0|
||2019|36.0|
||2020|30.0|
||2021|36.0|
||2022|34.0|
||2023|40.0|
||2024|41.0|
|1. (15+) ve Kadın ve 8. (65+) ve 22. (İlkokul)|2014|38.0|
||2015|44.0|
||2016|44.0|
||2017|51.0|
||2018|55.0|
||2019|59.0|
||2020|63.0|
||2021|88.0|
||2022|103.0|
||2023|111.0|
||2024|120.0|
|1. (15+) ve Kadın ve 8. (65+) ve 23. (İlköğretim)|2014|-9.93E8|
||2015|-9.93E8|
||2016|-9.93E8|
||2017|-9.93E8|
||2018|-9.93E8|
||2019|-9.93E8|
||2020|-9.93E8|
|1. (15+) ve Kadın ve 8. (65+) ve 24. (Ortaokul Veya Dengi Meslek Ortaokul)|2014|1.0|
||2015|0.0|
||2016|0.0|
||2017|1.0|
||2018|2.0|
||2019|1.0|
||2020|2.0|
|1. (15+) ve Kadın ve 8. (65+) ve 25. (Genel Ortaokul/ Mesleki Veya Teknik Ortaokul/İlkögretim)|2021|3.0|
||2022|3.0|
||2023|4.0|
||2024|8.0|
|1. (15+) ve Kadın ve 8. (65+) ve 31. (Genel Lise)|2014|1.0|
||2015|1.0|
||2016|0.0|
||2017|2.0|
||2018|1.0|
||2019|2.0|
||2020|3.0|
||2021|2.0|
||2022|4.0|
||2023|5.0|
||2024|7.0|
|1. (15+) ve Kadın ve 8. (65+) ve 32. (Lise Dengi Mesleki Okul)|2014|1.0|
||2015|1.0|
||2016|1.0|
||2017|2.0|
||2018|2.0|
||2019|3.0|
||2020|2.0|
||2021|3.0|
||2022|2.0|
||2023|2.0|
||2024|4.0|
|1. (15+) ve Kadın ve 8. (65+) ve 4. (Yüksek Öğretim)|2014|2.0|
||2015|3.0|
||2016|5.0|
||2017|5.0|
||2018|9.0|
||2019|9.0|
||2020|9.0|
||2021|10.0|
||2022|11.0|
||2023|16.0|
||2024|16.0|
|2. (15-24) ve Erkek ve 3. (15-19) ve 1. (Okuma Yazma Bilmeyen)|2014|12.0|
||2015|8.0|
||2016|10.0|
||2017|15.0|
||2018|15.0|
||2019|13.0|
||2020|8.0|
||2021|12.0|
||2022|9.0|
||2023|8.0|
||2024|9.0|
|2. (15-24) ve Erkek ve 3. (15-19) ve 21. (Okuma Yazma Bilen Fakat Bir Okul Bitirmeyen)|2014|75.0|
||2015|66.0|
||2016|64.0|
||2017|63.0|
||2018|61.0|
||2019|53.0|
||2020|34.0|
||2021|34.0|
||2022|39.0|
||2023|30.0|
||2024|26.0|
|2. (15-24) ve Erkek ve 3. (15-19) ve 22. (İlkokul)|2014|16.0|
||2015|20.0|
||2016|24.0|
||2017|37.0|
||2018|59.0|
||2019|56.0|
||2020|39.0|
||2021|54.0|
||2022|44.0|
||2023|43.0|
||2024|38.0|
|2. (15-24) ve Erkek ve 3. (15-19) ve 23. (İlköğretim)|2014|858.0|
||2015|676.0|
||2016|411.0|
||2017|168.0|
||2018|29.0|
||2019|1.0|
||2020|-9.93E8|
|2. (15-24) ve Erkek ve 3. (15-19) ve 24. (Ortaokul Veya Dengi Meslek Ortaokul)|2014|102.0|
||2015|269.0|
||2016|492.0|
||2017|713.0|
||2018|837.0|
||2019|802.0|
||2020|685.0|
|2. (15-24) ve Erkek ve 3. (15-19) ve 25. (Genel Ortaokul/ Mesleki Veya Teknik Ortaokul/İlkögretim)|2021|672.0|
||2022|721.0|
||2023|798.0|
||2024|899.0|
|2. (15-24) ve Erkek ve 3. (15-19) ve 31. (Genel Lise)|2014|52.0|
||2015|74.0|
||2016|70.0|
||2017|78.0|
||2018|78.0|
||2019|102.0|
||2020|98.0|
||2021|131.0|
||2022|162.0|
||2023|204.0|
||2024|234.0|
|2. (15-24) ve Erkek ve 3. (15-19) ve 32. (Lise Dengi Mesleki Okul)|2014|103.0|
||2015|102.0|
||2016|125.0|
||2017|166.0|
||2018|188.0|
||2019|187.0|
||2020|146.0|
||2021|179.0|
||2022|204.0|
||2023|204.0|
||2024|212.0|
|2. (15-24) ve Erkek ve 3. (15-19) ve 4. (Yüksek Öğretim)|2014|3.0|
||2015|1.0|
||2016|4.0|
||2017|2.0|
||2018|2.0|
||2019|2.0|
||2020|1.0|
||2021|2.0|
||2022|2.0|
||2023|1.0|
||2024|0.0|
|2. (15-24) ve Erkek ve 4. (20-24) ve 1. (Okuma Yazma Bilmeyen)|2014|13.0|
||2015|17.0|
||2016|15.0|
||2017|16.0|
||2018|15.0|
||2019|16.0|
||2020|9.0|
||2021|9.0|
||2022|14.0|
||2023|9.0|
||2024|10.0|
|2. (15-24) ve Erkek ve 4. (20-24) ve 21. (Okuma Yazma Bilen Fakat Bir Okul Bitirmeyen)|2014|106.0|
||2015|111.0|
||2016|100.0|
||2017|83.0|
||2018|78.0|
||2019|71.0|
||2020|52.0|
||2021|46.0|
||2022|44.0|
||2023|36.0|
||2024|38.0|
|2. (15-24) ve Erkek ve 4. (20-24) ve 22. (İlkokul)|2014|10.0|
||2015|15.0|
||2016|17.0|
||2017|19.0|
||2018|20.0|
||2019|27.0|
||2020|32.0|
||2021|46.0|
||2022|49.0|
||2023|45.0|
||2024|40.0|
|2. (15-24) ve Erkek ve 4. (20-24) ve 23. (İlköğretim)|2014|895.0|
||2015|919.0|
||2016|890.0|
||2017|890.0|
||2018|831.0|
||2019|668.0|
||2020|454.0|
|2. (15-24) ve Erkek ve 4. (20-24) ve 24. (Ortaokul Veya Dengi Meslek Ortaokul)|2014|1.0|
||2015|3.0|
||2016|10.0|
||2017|18.0|
||2018|63.0|
||2019|163.0|
||2020|302.0|
|2. (15-24) ve Erkek ve 4. (20-24) ve 25. (Genel Ortaokul/ Mesleki Veya Teknik Ortaokul/İlkögretim)|2021|698.0|
||2022|614.0|
||2023|512.0|
||2024|436.0|
|2. (15-24) ve Erkek ve 4. (20-24) ve 31. (Genel Lise)|2014|274.0|
||2015|257.0|
||2016|273.0|
||2017|266.0|
||2018|269.0|
||2019|277.0|
||2020|278.0|
||2021|394.0|
||2022|505.0|
||2023|554.0|
||2024|600.0|
|2. (15-24) ve Erkek ve 4. (20-24) ve 32. (Lise Dengi Mesleki Okul)|2014|310.0|
||2015|322.0|
||2016|351.0|
||2017|394.0|
||2018|419.0|
||2019|436.0|
||2020|475.0|
||2021|571.0|
||2022|624.0|
||2023|630.0|
||2024|635.0|
|2. (15-24) ve Erkek ve 4. (20-24) ve 4. (Yüksek Öğretim)|2014|334.0|
||2015|342.0|
||2016|381.0|
||2017|396.0|
||2018|404.0|
||2019|431.0|
||2020|380.0|
||2021|398.0|
||2022|415.0|
||2023|421.0|
||2024|411.0|
|2. (15-24) ve Kadın ve 3. (15-19) ve 1. (Okuma Yazma Bilmeyen)|2014|13.0|
||2015|10.0|
||2016|8.0|
||2017|6.0|
||2018|5.0|
||2019|4.0|
||2020|4.0|
||2021|3.0|
||2022|2.0|
||2023|0.0|
||2024|2.0|
|2. (15-24) ve Kadın ve 3. (15-19) ve 21. (Okuma Yazma Bilen Fakat Bir Okul Bitirmeyen)|2014|54.0|
||2015|55.0|
||2016|56.0|
||2017|48.0|
||2018|33.0|
||2019|21.0|
||2020|16.0|
||2021|13.0|
||2022|19.0|
||2023|13.0|
||2024|14.0|
|2. (15-24) ve Kadın ve 3. (15-19) ve 22. (İlkokul)|2014|7.0|
||2015|12.0|
||2016|13.0|
||2017|23.0|
||2018|21.0|
||2019|26.0|
||2020|16.0|
||2021|19.0|
||2022|16.0|
||2023|23.0|
||2024|21.0|
|2. (15-24) ve Kadın ve 3. (15-19) ve 23. (İlköğretim)|2014|311.0|
||2015|272.0|
||2016|177.0|
||2017|60.0|
||2018|12.0|
||2019|1.0|
||2020|-9.93E8|
|2. (15-24) ve Kadın ve 3. (15-19) ve 24. (Ortaokul Veya Dengi Meslek Ortaokul)|2014|26.0|
||2015|99.0|
||2016|184.0|
||2017|252.0|
||2018|293.0|
||2019|313.0|
||2020|227.0|
|2. (15-24) ve Kadın ve 3. (15-19) ve 25. (Genel Ortaokul/ Mesleki Veya Teknik Ortaokul/İlkögretim)|2021|233.0|
||2022|240.0|
||2023|273.0|
||2024|315.0|
|2. (15-24) ve Kadın ve 3. (15-19) ve 31. (Genel Lise)|2014|41.0|
||2015|41.0|
||2016|47.0|
||2017|46.0|
||2018|50.0|
||2019|60.0|
||2020|47.0|
||2021|70.0|
||2022|89.0|
||2023|123.0|
||2024|149.0|
|2. (15-24) ve Kadın ve 3. (15-19) ve 32. (Lise Dengi Mesleki Okul)|2014|65.0|
||2015|74.0|
||2016|88.0|
||2017|109.0|
||2018|114.0|
||2019|110.0|
||2020|85.0|
||2021|86.0|
||2022|95.0|
||2023|82.0|
||2024|92.0|
|2. (15-24) ve Kadın ve 3. (15-19) ve 4. (Yüksek Öğretim)|2014|3.0|
||2015|4.0|
||2016|4.0|
||2017|5.0|
||2018|6.0|
||2019|4.0|
||2020|3.0|
||2021|2.0|
||2022|2.0|
||2023|3.0|
||2024|3.0|
|2. (15-24) ve Kadın ve 4. (20-24) ve 1. (Okuma Yazma Bilmeyen)|2014|37.0|
||2015|31.0|
||2016|17.0|
||2017|15.0|
||2018|15.0|
||2019|13.0|
||2020|13.0|
||2021|7.0|
||2022|8.0|
||2023|4.0|
||2024|3.0|
|2. (15-24) ve Kadın ve 4. (20-24) ve 21. (Okuma Yazma Bilen Fakat Bir Okul Bitirmeyen)|2014|74.0|
||2015|70.0|
||2016|65.0|
||2017|58.0|
||2018|51.0|
||2019|48.0|
||2020|29.0|
||2021|24.0|
||2022|29.0|
||2023|24.0|
||2024|17.0|
|2. (15-24) ve Kadın ve 4. (20-24) ve 22. (İlkokul)|2014|7.0|
||2015|7.0|
||2016|4.0|
||2017|7.0|
||2018|11.0|
||2019|10.0|
||2020|13.0|
||2021|16.0|
||2022|13.0|
||2023|18.0|
||2024|12.0|
|2. (15-24) ve Kadın ve 4. (20-24) ve 23. (İlköğretim)|2014|299.0|
||2015|290.0|
||2016|287.0|
||2017|296.0|
||2018|260.0|
||2019|198.0|
||2020|111.0|
|2. (15-24) ve Kadın ve 4. (20-24) ve 24. (Ortaokul Veya Dengi Meslek Ortaokul)|2014|1.0|
||2015|2.0|
||2016|3.0|
||2017|8.0|
||2018|26.0|
||2019|63.0|
||2020|94.0|
|2. (15-24) ve Kadın ve 4. (20-24) ve 25. (Genel Ortaokul/ Mesleki Veya Teknik Ortaokul/İlkögretim)|2021|180.0|
||2022|161.0|
||2023|139.0|
||2024|114.0|
|2. (15-24) ve Kadın ve 4. (20-24) ve 31. (Genel Lise)|2014|164.0|
||2015|171.0|
||2016|156.0|
||2017|162.0|
||2018|163.0|
||2019|181.0|
||2020|168.0|
||2021|226.0|
||2022|258.0|
||2023|302.0|
||2024|299.0|
|2. (15-24) ve Kadın ve 4. (20-24) ve 32. (Lise Dengi Mesleki Okul)|2014|165.0|
||2015|195.0|
||2016|213.0|
||2017|203.0|
||2018|229.0|
||2019|269.0|
||2020|242.0|
||2021|271.0|
||2022|300.0|
||2023|316.0|
||2024|296.0|
|2. (15-24) ve Kadın ve 4. (20-24) ve 4. (Yüksek Öğretim)|2014|357.0|
||2015|423.0|
||2016|466.0|
||2017|525.0|
||2018|525.0|
||2019|555.0|
||2020|514.0|
||2021|587.0|
||2022|586.0|
||2023|579.0|
||2024|582.0|
|3. (15-64) ve Erkek ve 3. (15-19) ve 1. (Okuma Yazma Bilmeyen)|2014|12.0|
||2015|8.0|
||2016|10.0|
||2017|15.0|
||2018|15.0|
||2019|13.0|
||2020|8.0|
||2021|12.0|
||2022|9.0|
||2023|8.0|
||2024|9.0|
|3. (15-64) ve Erkek ve 3. (15-19) ve 21. (Okuma Yazma Bilen Fakat Bir Okul Bitirmeyen)|2014|75.0|
||2015|66.0|
||2016|64.0|
||2017|63.0|
||2018|61.0|
||2019|53.0|
||2020|34.0|
||2021|34.0|
||2022|39.0|
||2023|30.0|
||2024|26.0|
|3. (15-64) ve Erkek ve 3. (15-19) ve 22. (İlkokul)|2014|16.0|
||2015|20.0|
||2016|24.0|
||2017|37.0|
||2018|59.0|
||2019|56.0|
||2020|39.0|
||2021|54.0|
||2022|44.0|
||2023|43.0|
||2024|38.0|
|3. (15-64) ve Erkek ve 3. (15-19) ve 23. (İlköğretim)|2014|858.0|
||2015|676.0|
||2016|411.0|
||2017|168.0|
||2018|29.0|
||2019|1.0|
||2020|-9.93E8|
|3. (15-64) ve Erkek ve 3. (15-19) ve 24. (Ortaokul Veya Dengi Meslek Ortaokul)|2014|102.0|
||2015|269.0|
||2016|492.0|
||2017|713.0|
||2018|837.0|
||2019|802.0|
||2020|685.0|
|3. (15-64) ve Erkek ve 3. (15-19) ve 25. (Genel Ortaokul/ Mesleki Veya Teknik Ortaokul/İlkögretim)|2021|672.0|
||2022|721.0|
||2023|798.0|
||2024|899.0|
|3. (15-64) ve Erkek ve 3. (15-19) ve 31. (Genel Lise)|2014|52.0|
||2015|74.0|
||2016|70.0|
||2017|78.0|
||2018|78.0|
||2019|102.0|
||2020|98.0|
||2021|131.0|
||2022|162.0|
||2023|204.0|
||2024|234.0|
|3. (15-64) ve Erkek ve 3. (15-19) ve 32. (Lise Dengi Mesleki Okul)|2014|103.0|
||2015|102.0|
||2016|125.0|
||2017|166.0|
||2018|188.0|
||2019|187.0|
||2020|146.0|
||2021|179.0|
||2022|204.0|
||2023|204.0|
||2024|212.0|
|3. (15-64) ve Erkek ve 3. (15-19) ve 4. (Yüksek Öğretim)|2014|3.0|
||2015|1.0|
||2016|4.0|
||2017|2.0|
||2018|2.0|
||2019|2.0|
||2020|1.0|
||2021|2.0|
||2022|2.0|
||2023|1.0|
||2024|0.0|
|3. (15-64) ve Erkek ve 4. (20-24) ve 1. (Okuma Yazma Bilmeyen)|2014|13.0|
||2015|17.0|
||2016|15.0|
||2017|16.0|
||2018|15.0|
||2019|16.0|
||2020|9.0|
||2021|9.0|
||2022|14.0|
||2023|9.0|
||2024|10.0|
|3. (15-64) ve Erkek ve 4. (20-24) ve 21. (Okuma Yazma Bilen Fakat Bir Okul Bitirmeyen)|2014|106.0|
||2015|111.0|
||2016|100.0|
||2017|83.0|
||2018|78.0|
||2019|71.0|
||2020|52.0|
||2021|46.0|
||2022|44.0|
||2023|36.0|
||2024|38.0|
|3. (15-64) ve Erkek ve 4. (20-24) ve 22. (İlkokul)|2014|10.0|
||2015|15.0|
||2016|17.0|
||2017|19.0|
||2018|20.0|
||2019|27.0|
||2020|32.0|
||2021|46.0|
||2022|49.0|
||2023|45.0|
||2024|40.0|
|3. (15-64) ve Erkek ve 4. (20-24) ve 23. (İlköğretim)|2014|895.0|
||2015|919.0|
||2016|890.0|
||2017|890.0|
||2018|831.0|
||2019|668.0|
||2020|454.0|
|3. (15-64) ve Erkek ve 4. (20-24) ve 24. (Ortaokul Veya Dengi Meslek Ortaokul)|2014|1.0|
||2015|3.0|
||2016|10.0|
||2017|18.0|
||2018|63.0|
||2019|163.0|
||2020|302.0|
|3. (15-64) ve Erkek ve 4. (20-24) ve 25. (Genel Ortaokul/ Mesleki Veya Teknik Ortaokul/İlkögretim)|2021|698.0|
||2022|614.0|
||2023|512.0|
||2024|436.0|
|3. (15-64) ve Erkek ve 4. (20-24) ve 31. (Genel Lise)|2014|274.0|
||2015|257.0|
||2016|273.0|
||2017|266.0|
||2018|269.0|
||2019|277.0|
||2020|278.0|
||2021|394.0|
||2022|505.0|
||2023|554.0|
||2024|600.0|
|3. (15-64) ve Erkek ve 4. (20-24) ve 32. (Lise Dengi Mesleki Okul)|2014|310.0|
||2015|322.0|
||2016|351.0|
||2017|394.0|
||2018|419.0|
||2019|436.0|
||2020|475.0|
||2021|571.0|
||2022|624.0|
||2023|630.0|
||2024|635.0|
|3. (15-64) ve Erkek ve 4. (20-24) ve 4. (Yüksek Öğretim)|2014|334.0|
||2015|342.0|
||2016|381.0|
||2017|396.0|
||2018|404.0|
||2019|431.0|
||2020|380.0|
||2021|398.0|
||2022|415.0|
||2023|421.0|
||2024|411.0|
|3. (15-64) ve Erkek ve 51. (25-29) ve 1. (Okuma Yazma Bilmeyen)|2014|26.0|
||2015|25.0|
||2016|24.0|
||2017|17.0|
||2018|20.0|
||2019|25.0|
||2020|21.0|
||2021|16.0|
||2022|18.0|
||2023|14.0|
||2024|13.0|
|3. (15-64) ve Erkek ve 51. (25-29) ve 21. (Okuma Yazma Bilen Fakat Bir Okul Bitirmeyen)|2014|109.0|
||2015|96.0|
||2016|102.0|
||2017|97.0|
||2018|105.0|
||2019|105.0|
||2020|91.0|
||2021|88.0|
||2022|71.0|
||2023|49.0|
||2024|40.0|
|3. (15-64) ve Erkek ve 51. (25-29) ve 22. (İlkokul)|2014|335.0|
||2015|206.0|
||2016|97.0|
||2017|66.0|
||2018|47.0|
||2019|38.0|
||2020|26.0|
||2021|32.0|
||2022|26.0|
||2023|29.0|
||2024|33.0|
|3. (15-64) ve Erkek ve 51. (25-29) ve 23. (İlköğretim)|2014|572.0|
||2015|681.0|
||2016|830.0|
||2017|942.0|
||2018|914.0|
||2019|894.0|
||2020|847.0|
|3. (15-64) ve Erkek ve 51. (25-29) ve 24. (Ortaokul Veya Dengi Meslek Ortaokul)|2014|205.0|
||2015|126.0|
||2016|53.0|
||2017|21.0|
||2018|14.0|
||2019|19.0|
||2020|27.0|
|3. (15-64) ve Erkek ve 51. (25-29) ve 25. (Genel Ortaokul/ Mesleki Veya Teknik Ortaokul/İlkögretim)|2021|865.0|
||2022|763.0|
||2023|697.0|
||2024|588.0|
|3. (15-64) ve Erkek ve 51. (25-29) ve 31. (Genel Lise)|2014|442.0|
||2015|440.0|
||2016|415.0|
||2017|370.0|
||2018|358.0|
||2019|330.0|
||2020|287.0|
||2021|325.0|
||2022|435.0|
||2023|521.0|
||2024|541.0|
|3. (15-64) ve Erkek ve 51. (25-29) ve 32. (Lise Dengi Mesleki Okul)|2014|376.0|
||2015|382.0|
||2016|372.0|
||2017|349.0|
||2018|360.0|
||2019|351.0|
||2020|351.0|
||2021|379.0|
||2022|420.0|
||2023|452.0|
||2024|506.0|
|3. (15-64) ve Erkek ve 51. (25-29) ve 4. (Yüksek Öğretim)|2014|733.0|
||2015|837.0|
||2016|891.0|
||2017|933.0|
||2018|945.0|
||2019|973.0|
||2020|1019.0|
||2021|1098.0|
||2022|1121.0|
||2023|1147.0|
||2024|1175.0|
|3. (15-64) ve Erkek ve 52. (30-34) ve 1. (Okuma Yazma Bilmeyen)|2014|30.0|
||2015|28.0|
||2016|20.0|
||2017|20.0|
||2018|27.0|
||2019|22.0|
||2020|15.0|
||2021|22.0|
||2022|22.0|
||2023|14.0|
||2024|15.0|
|3. (15-64) ve Erkek ve 52. (30-34) ve 21. (Okuma Yazma Bilen Fakat Bir Okul Bitirmeyen)|2014|54.0|
||2015|54.0|
||2016|58.0|
||2017|59.0|
||2018|82.0|
||2019|90.0|
||2020|75.0|
||2021|75.0|
||2022|89.0|
||2023|74.0|
||2024|71.0|
|3. (15-64) ve Erkek ve 52. (30-34) ve 22. (İlkokul)|2014|942.0|
||2015|893.0|
||2016|753.0|
||2017|632.0|
||2018|483.0|
||2019|361.0|
||2020|240.0|
||2021|149.0|
||2022|108.0|
||2023|75.0|
||2024|50.0|
|3. (15-64) ve Erkek ve 52. (30-34) ve 23. (İlköğretim)|2014|33.0|
||2015|50.0|
||2016|82.0|
||2017|175.0|
||2018|293.0|
||2019|416.0|
||2020|527.0|
|3. (15-64) ve Erkek ve 52. (30-34) ve 24. (Ortaokul Veya Dengi Meslek Ortaokul)|2014|445.0|
||2015|435.0|
||2016|424.0|
||2017|393.0|
||2018|357.0|
||2019|286.0|
||2020|212.0|
|3. (15-64) ve Erkek ve 52. (30-34) ve 25. (Genel Ortaokul/ Mesleki Veya Teknik Ortaokul/İlkögretim)|2021|787.0|
||2022|781.0|
||2023|756.0|
||2024|759.0|
|3. (15-64) ve Erkek ve 52. (30-34) ve 31. (Genel Lise)|2014|407.0|
||2015|394.0|
||2016|386.0|
||2017|418.0|
||2018|424.0|
||2019|427.0|
||2020|429.0|
||2021|452.0|
||2022|473.0|
||2023|468.0|
||2024|472.0|
|3. (15-64) ve Erkek ve 52. (30-34) ve 32. (Lise Dengi Mesleki Okul)|2014|431.0|
||2015|430.0|
||2016|428.0|
||2017|420.0|
||2018|405.0|
||2019|373.0|
||2020|382.0|
||2021|367.0|
||2022|358.0|
||2023|357.0|
||2024|339.0|
|3. (15-64) ve Erkek ve 52. (30-34) ve 4. (Yüksek Öğretim)|2014|745.0|
||2015|789.0|
||2016|879.0|
||2017|878.0|
||2018|920.0|
||2019|998.0|
||2020|1014.0|
||2021|1094.0|
||2022|1124.0|
||2023|1174.0|
||2024|1198.0|
|3. (15-64) ve Erkek ve 61. (35-39) ve 1. (Okuma Yazma Bilmeyen)|2014|24.0|
||2015|20.0|
||2016|26.0|
||2017|23.0|
||2018|26.0|
||2019|30.0|
||2020|25.0|
||2021|27.0|
||2022|27.0|
||2023|18.0|
||2024|18.0|
|3. (15-64) ve Erkek ve 61. (35-39) ve 21. (Okuma Yazma Bilen Fakat Bir Okul Bitirmeyen)|2014|36.0|
||2015|27.0|
||2016|34.0|
||2017|41.0|
||2018|47.0|
||2019|57.0|
||2020|50.0|
||2021|55.0|
||2022|58.0|
||2023|71.0|
||2024|73.0|
|3. (15-64) ve Erkek ve 61. (35-39) ve 22. (İlkokul)|2014|1076.0|
||2015|1086.0|
||2016|1057.0|
||2017|1012.0|
||2018|974.0|
||2019|906.0|
||2020|837.0|
||2021|760.0|
||2022|622.0|
||2023|494.0|
||2024|381.0|
|3. (15-64) ve Erkek ve 61. (35-39) ve 23. (İlköğretim)|2014|16.0|
||2015|15.0|
||2016|10.0|
||2017|12.0|
||2018|14.0|
||2019|10.0|
||2020|13.0|
|3. (15-64) ve Erkek ve 61. (35-39) ve 24. (Ortaokul Veya Dengi Meslek Ortaokul)|2014|323.0|
||2015|328.0|
||2016|390.0|
||2017|460.0|
||2018|460.0|
||2019|449.0|
||2020|448.0|
|3. (15-64) ve Erkek ve 61. (35-39) ve 25. (Genel Ortaokul/ Mesleki Veya Teknik Ortaokul/İlkögretim)|2021|497.0|
||2022|521.0|
||2023|571.0|
||2024|597.0|
|3. (15-64) ve Erkek ve 61. (35-39) ve 31. (Genel Lise)|2014|371.0|
||2015|373.0|
||2016|394.0|
||2017|391.0|
||2018|389.0|
||2019|395.0|
||2020|362.0|
||2021|400.0|
||2022|458.0|
||2023|484.0|
||2024|506.0|
|3. (15-64) ve Erkek ve 61. (35-39) ve 32. (Lise Dengi Mesleki Okul)|2014|372.0|
||2015|401.0|
||2016|413.0|
||2017|435.0|
||2018|443.0|
||2019|432.0|
||2020|431.0|
||2021|396.0|
||2022|383.0|
||2023|361.0|
||2024|352.0|
|3. (15-64) ve Erkek ve 61. (35-39) ve 4. (Yüksek Öğretim)|2014|580.0|
||2015|630.0|
||2016|680.0|
||2017|726.0|
||2018|757.0|
||2019|823.0|
||2020|848.0|
||2021|879.0|
||2022|927.0|
||2023|982.0|
||2024|1027.0|
|3. (15-64) ve Erkek ve 62. (40-44) ve 1. (Okuma Yazma Bilmeyen)|2014|40.0|
||2015|24.0|
||2016|30.0|
||2017|29.0|
||2018|21.0|
||2019|25.0|
||2020|23.0|
||2021|24.0|
||2022|30.0|
||2023|30.0|
||2024|21.0|
|3. (15-64) ve Erkek ve 62. (40-44) ve 21. (Okuma Yazma Bilen Fakat Bir Okul Bitirmeyen)|2014|42.0|
||2015|35.0|
||2016|33.0|
||2017|28.0|
||2018|31.0|
||2019|30.0|
||2020|33.0|
||2021|42.0|
||2022|40.0|
||2023|45.0|
||2024|54.0|
|3. (15-64) ve Erkek ve 62. (40-44) ve 22. (İlkokul)|2014|1218.0|
||2015|1217.0|
||2016|1185.0|
||2017|1173.0|
||2018|1136.0|
||2019|1082.0|
||2020|1002.0|
||2021|1009.0|
||2022|1005.0|
||2023|912.0|
||2024|869.0|
|3. (15-64) ve Erkek ve 62. (40-44) ve 23. (İlköğretim)|2014|11.0|
||2015|13.0|
||2016|12.0|
||2017|9.0|
||2018|10.0|
||2019|9.0|
||2020|7.0|
|3. (15-64) ve Erkek ve 62. (40-44) ve 24. (Ortaokul Veya Dengi Meslek Ortaokul)|2014|333.0|
||2015|325.0|
||2016|299.0|
||2017|310.0|
||2018|313.0|
||2019|318.0|
||2020|326.0|
|3. (15-64) ve Erkek ve 62. (40-44) ve 25. (Genel Ortaokul/ Mesleki Veya Teknik Ortaokul/İlkögretim)|2021|403.0|
||2022|430.0|
||2023|438.0|
||2024|457.0|
|3. (15-64) ve Erkek ve 62. (40-44) ve 31. (Genel Lise)|2014|220.0|
||2015|230.0|
||2016|253.0|
||2017|277.0|
||2018|317.0|
||2019|353.0|
||2020|372.0|
||2021|419.0|
||2022|460.0|
||2023|468.0|
||2024|435.0|
|3. (15-64) ve Erkek ve 62. (40-44) ve 32. (Lise Dengi Mesleki Okul)|2014|238.0|
||2015|274.0|
||2016|291.0|
||2017|320.0|
||2018|347.0|
||2019|354.0|
||2020|363.0|
||2021|384.0|
||2022|388.0|
||2023|389.0|
||2024|387.0|
|3. (15-64) ve Erkek ve 62. (40-44) ve 4. (Yüksek Öğretim)|2014|426.0|
||2015|467.0|
||2016|511.0|
||2017|538.0|
||2018|555.0|
||2019|592.0|
||2020|670.0|
||2021|682.0|
||2022|698.0|
||2023|756.0|
||2024|799.0|
|3. (15-64) ve Erkek ve 63. (45-49) ve 1. (Okuma Yazma Bilmeyen)|2014|37.0|
||2015|35.0|
||2016|29.0|
||2017|30.0|
||2018|32.0|
||2019|31.0|
||2020|24.0|
||2021|31.0|
||2022|25.0|
||2023|18.0|
||2024|19.0|
|3. (15-64) ve Erkek ve 63. (45-49) ve 21. (Okuma Yazma Bilen Fakat Bir Okul Bitirmeyen)|2014|40.0|
||2015|36.0|
||2016|34.0|
||2017|36.0|
||2018|34.0|
||2019|38.0|
||2020|38.0|
||2021|40.0|
||2022|40.0|
||2023|36.0|
||2024|36.0|
|3. (15-64) ve Erkek ve 63. (45-49) ve 22. (İlkokul)|2014|1116.0|
||2015|1114.0|
||2016|1120.0|
||2017|1149.0|
||2018|1176.0|
||2019|1217.0|
||2020|1153.0|
||2021|1144.0|
||2022|1128.0|
||2023|1054.0|
||2024|1007.0|
|3. (15-64) ve Erkek ve 63. (45-49) ve 23. (İlköğretim)|2014|6.0|
||2015|7.0|
||2016|7.0|
||2017|7.0|
||2018|7.0|
||2019|6.0|
||2020|5.0|
|3. (15-64) ve Erkek ve 63. (45-49) ve 24. (Ortaokul Veya Dengi Meslek Ortaokul)|2014|281.0|
||2015|280.0|
||2016|278.0|
||2017|302.0|
||2018|322.0|
||2019|314.0|
||2020|301.0|
|3. (15-64) ve Erkek ve 63. (45-49) ve 25. (Genel Ortaokul/ Mesleki Veya Teknik Ortaokul/İlkögretim)|2021|315.0|
||2022|341.0|
||2023|324.0|
||2024|306.0|
|3. (15-64) ve Erkek ve 63. (45-49) ve 31. (Genel Lise)|2014|163.0|
||2015|160.0|
||2016|167.0|
||2017|171.0|
||2018|192.0|
||2019|213.0|
||2020|232.0|
||2021|255.0|
||2022|282.0|
||2023|319.0|
||2024|372.0|
|3. (15-64) ve Erkek ve 63. (45-49) ve 32. (Lise Dengi Mesleki Okul)|2014|156.0|
||2015|160.0|
||2016|188.0|
||2017|198.0|
||2018|201.0|
||2019|225.0|
||2020|242.0|
||2021|253.0|
||2022|270.0|
||2023|276.0|
||2024|303.0|
|3. (15-64) ve Erkek ve 63. (45-49) ve 4. (Yüksek Öğretim)|2014|283.0|
||2015|286.0|
||2016|305.0|
||2017|343.0|
||2018|378.0|
||2019|396.0|
||2020|448.0|
||2021|479.0|
||2022|489.0|
||2023|514.0|
||2024|552.0|
|3. (15-64) ve Erkek ve 64. (50-54) ve 1. (Okuma Yazma Bilmeyen)|2014|37.0|
||2015|34.0|
||2016|39.0|
||2017|41.0|
||2018|32.0|
||2019|29.0|
||2020|27.0|
||2021|24.0|
||2022|26.0|
||2023|27.0|
||2024|24.0|
|3. (15-64) ve Erkek ve 64. (50-54) ve 21. (Okuma Yazma Bilen Fakat Bir Okul Bitirmeyen)|2014|39.0|
||2015|37.0|
||2016|36.0|
||2017|40.0|
||2018|43.0|
||2019|34.0|
||2020|35.0|
||2021|37.0|
||2022|39.0|
||2023|35.0|
||2024|29.0|
|3. (15-64) ve Erkek ve 64. (50-54) ve 22. (İlkokul)|2014|848.0|
||2015|902.0|
||2016|940.0|
||2017|971.0|
||2018|970.0|
||2019|986.0|
||2020|912.0|
||2021|917.0|
||2022|997.0|
||2023|993.0|
||2024|1004.0|
|3. (15-64) ve Erkek ve 64. (50-54) ve 23. (İlköğretim)|2014|3.0|
||2015|3.0|
||2016|4.0|
||2017|2.0|
||2018|2.0|
||2019|3.0|
||2020|1.0|
|3. (15-64) ve Erkek ve 64. (50-54) ve 24. (Ortaokul Veya Dengi Meslek Ortaokul)|2014|176.0|
||2015|208.0|
||2016|227.0|
||2017|234.0|
||2018|237.0|
||2019|232.0|
||2020|217.0|
|3. (15-64) ve Erkek ve 64. (50-54) ve 25. (Genel Ortaokul/ Mesleki Veya Teknik Ortaokul/İlkögretim)|2021|235.0|
||2022|251.0|
||2023|271.0|
||2024|289.0|
|3. (15-64) ve Erkek ve 64. (50-54) ve 31. (Genel Lise)|2014|149.0|
||2015|150.0|
||2016|151.0|
||2017|154.0|
||2018|156.0|
||2019|142.0|
||2020|140.0|
||2021|158.0|
||2022|180.0|
||2023|191.0|
||2024|209.0|
|3. (15-64) ve Erkek ve 64. (50-54) ve 32. (Lise Dengi Mesleki Okul)|2014|114.0|
||2015|109.0|
||2016|116.0|
||2017|116.0|
||2018|117.0|
||2019|129.0|
||2020|124.0|
||2021|135.0|
||2022|151.0|
||2023|171.0|
||2024|182.0|
|3. (15-64) ve Erkek ve 64. (50-54) ve 4. (Yüksek Öğretim)|2014|170.0|
||2015|210.0|
||2016|227.0|
||2017|240.0|
||2018|246.0|
||2019|276.0|
||2020|276.0|
||2021|311.0|
||2022|315.0|
||2023|335.0|
||2024|386.0|
|3. (15-64) ve Erkek ve 71. (55-59) ve 1. (Okuma Yazma Bilmeyen)|2014|45.0|
||2015|34.0|
||2016|33.0|
||2017|34.0|
||2018|36.0|
||2019|32.0|
||2020|25.0|
||2021|34.0|
||2022|35.0|
||2023|26.0|
||2024|30.0|
|3. (15-64) ve Erkek ve 71. (55-59) ve 21. (Okuma Yazma Bilen Fakat Bir Okul Bitirmeyen)|2014|40.0|
||2015|37.0|
||2016|32.0|
||2017|29.0|
||2018|29.0|
||2019|37.0|
||2020|37.0|
||2021|39.0|
||2022|30.0|
||2023|27.0|
||2024|29.0|
|3. (15-64) ve Erkek ve 71. (55-59) ve 22. (İlkokul)|2014|575.0|
||2015|613.0|
||2016|643.0|
||2017|686.0|
||2018|720.0|
||2019|701.0|
||2020|667.0|
||2021|754.0|
||2022|782.0|
||2023|787.0|
||2024|789.0|
|3. (15-64) ve Erkek ve 71. (55-59) ve 23. (İlköğretim)|2014|1.0|
||2015|1.0|
||2016|2.0|
||2017|1.0|
||2018|1.0|
||2019|1.0|
||2020|1.0|
|3. (15-64) ve Erkek ve 71. (55-59) ve 24. (Ortaokul Veya Dengi Meslek Ortaokul)|2014|75.0|
||2015|88.0|
||2016|101.0|
||2017|113.0|
||2018|134.0|
||2019|144.0|
||2020|153.0|
|3. (15-64) ve Erkek ve 71. (55-59) ve 25. (Genel Ortaokul/ Mesleki Veya Teknik Ortaokul/İlkögretim)|2021|182.0|
||2022|192.0|
||2023|202.0|
||2024|205.0|
|3. (15-64) ve Erkek ve 71. (55-59) ve 31. (Genel Lise)|2014|62.0|
||2015|71.0|
||2016|88.0|
||2017|110.0|
||2018|127.0|
||2019|126.0|
||2020|116.0|
||2021|124.0|
||2022|127.0|
||2023|121.0|
||2024|126.0|
|3. (15-64) ve Erkek ve 71. (55-59) ve 32. (Lise Dengi Mesleki Okul)|2014|52.0|
||2015|56.0|
||2016|68.0|
||2017|85.0|
||2018|86.0|
||2019|87.0|
||2020|79.0|
||2021|85.0|
||2022|99.0|
||2023|116.0|
||2024|122.0|
|3. (15-64) ve Erkek ve 71. (55-59) ve 4. (Yüksek Öğretim)|2014|124.0|
||2015|128.0|
||2016|132.0|
||2017|136.0|
||2018|144.0|
||2019|167.0|
||2020|179.0|
||2021|175.0|
||2022|179.0|
||2023|205.0|
||2024|226.0|
|3. (15-64) ve Erkek ve 72. (60-64) ve 1. (Okuma Yazma Bilmeyen)|2014|34.0|
||2015|33.0|
||2016|30.0|
||2017|33.0|
||2018|25.0|
||2019|28.0|
||2020|24.0|
||2021|20.0|
||2022|23.0|
||2023|24.0|
||2024|25.0|
|3. (15-64) ve Erkek ve 72. (60-64) ve 21. (Okuma Yazma Bilen Fakat Bir Okul Bitirmeyen)|2014|47.0|
||2015|33.0|
||2016|35.0|
||2017|31.0|
||2018|30.0|
||2019|28.0|
||2020|27.0|
||2021|21.0|
||2022|25.0|
||2023|25.0|
||2024|21.0|
|3. (15-64) ve Erkek ve 72. (60-64) ve 22. (İlkokul)|2014|345.0|
||2015|381.0|
||2016|444.0|
||2017|459.0|
||2018|476.0|
||2019|447.0|
||2020|413.0|
||2021|447.0|
||2022|467.0|
||2023|493.0|
||2024|561.0|
|3. (15-64) ve Erkek ve 72. (60-64) ve 23. (İlköğretim)|2014|1.0|
||2015|1.0|
||2016|0.0|
||2017|0.0|
||2018|1.0|
||2019|1.0|
||2020|0.0|
|3. (15-64) ve Erkek ve 72. (60-64) ve 24. (Ortaokul Veya Dengi Meslek Ortaokul)|2014|38.0|
||2015|40.0|
||2016|52.0|
||2017|61.0|
||2018|67.0|
||2019|65.0|
||2020|59.0|
|3. (15-64) ve Erkek ve 72. (60-64) ve 25. (Genel Ortaokul/ Mesleki Veya Teknik Ortaokul/İlkögretim)|2021|74.0|
||2022|79.0|
||2023|97.0|
||2024|122.0|
|3. (15-64) ve Erkek ve 72. (60-64) ve 31. (Genel Lise)|2014|28.0|
||2015|29.0|
||2016|33.0|
||2017|48.0|
||2018|45.0|
||2019|49.0|
||2020|53.0|
||2021|63.0|
||2022|81.0|
||2023|95.0|
||2024|95.0|
|3. (15-64) ve Erkek ve 72. (60-64) ve 32. (Lise Dengi Mesleki Okul)|2014|21.0|
||2015|24.0|
||2016|29.0|
||2017|32.0|
||2018|38.0|
||2019|40.0|
||2020|43.0|
||2021|56.0|
||2022|55.0|
||2023|52.0|
||2024|60.0|
|3. (15-64) ve Erkek ve 72. (60-64) ve 4. (Yüksek Öğretim)|2014|67.0|
||2015|78.0|
||2016|82.0|
||2017|86.0|
||2018|92.0|
||2019|109.0|
||2020|113.0|
||2021|106.0|
||2022|112.0|
||2023|117.0|
||2024|140.0|
|3. (15-64) ve Kadın ve 3. (15-19) ve 1. (Okuma Yazma Bilmeyen)|2014|13.0|
||2015|10.0|
||2016|8.0|
||2017|6.0|
||2018|5.0|
||2019|4.0|
||2020|4.0|
||2021|3.0|
||2022|2.0|
||2023|0.0|
||2024|2.0|
|3. (15-64) ve Kadın ve 3. (15-19) ve 21. (Okuma Yazma Bilen Fakat Bir Okul Bitirmeyen)|2014|54.0|
||2015|55.0|
||2016|56.0|
||2017|48.0|
||2018|33.0|
||2019|21.0|
||2020|16.0|
||2021|13.0|
||2022|19.0|
||2023|13.0|
||2024|14.0|
|3. (15-64) ve Kadın ve 3. (15-19) ve 22. (İlkokul)|2014|7.0|
||2015|12.0|
||2016|13.0|
||2017|23.0|
||2018|21.0|
||2019|26.0|
||2020|16.0|
||2021|19.0|
||2022|16.0|
||2023|23.0|
||2024|21.0|
|3. (15-64) ve Kadın ve 3. (15-19) ve 23. (İlköğretim)|2014|311.0|
||2015|272.0|
||2016|177.0|
||2017|60.0|
||2018|12.0|
||2019|1.0|
||2020|-9.93E8|
|3. (15-64) ve Kadın ve 3. (15-19) ve 24. (Ortaokul Veya Dengi Meslek Ortaokul)|2014|26.0|
||2015|99.0|
||2016|184.0|
||2017|252.0|
||2018|293.0|
||2019|313.0|
||2020|227.0|
|3. (15-64) ve Kadın ve 3. (15-19) ve 25. (Genel Ortaokul/ Mesleki Veya Teknik Ortaokul/İlkögretim)|2021|233.0|
||2022|240.0|
||2023|273.0|
||2024|315.0|
|3. (15-64) ve Kadın ve 3. (15-19) ve 31. (Genel Lise)|2014|41.0|
||2015|41.0|
||2016|47.0|
||2017|46.0|
||2018|50.0|
||2019|60.0|
||2020|47.0|
||2021|70.0|
||2022|89.0|
||2023|123.0|
||2024|149.0|
|3. (15-64) ve Kadın ve 3. (15-19) ve 32. (Lise Dengi Mesleki Okul)|2014|65.0|
||2015|74.0|
||2016|88.0|
||2017|109.0|
||2018|114.0|
||2019|110.0|
||2020|85.0|
||2021|86.0|
||2022|95.0|
||2023|82.0|
||2024|92.0|
|3. (15-64) ve Kadın ve 3. (15-19) ve 4. (Yüksek Öğretim)|2014|3.0|
||2015|4.0|
||2016|4.0|
||2017|5.0|
||2018|6.0|
||2019|4.0|
||2020|3.0|
||2021|2.0|
||2022|2.0|
||2023|3.0|
||2024|3.0|
|3. (15-64) ve Kadın ve 4. (20-24) ve 1. (Okuma Yazma Bilmeyen)|2014|37.0|
||2015|31.0|
||2016|17.0|
||2017|15.0|
||2018|15.0|
||2019|13.0|
||2020|13.0|
||2021|7.0|
||2022|8.0|
||2023|4.0|
||2024|3.0|
|3. (15-64) ve Kadın ve 4. (20-24) ve 21. (Okuma Yazma Bilen Fakat Bir Okul Bitirmeyen)|2014|74.0|
||2015|70.0|
||2016|65.0|
||2017|58.0|
||2018|51.0|
||2019|48.0|
||2020|29.0|
||2021|24.0|
||2022|29.0|
||2023|24.0|
||2024|17.0|
|3. (15-64) ve Kadın ve 4. (20-24) ve 22. (İlkokul)|2014|7.0|
||2015|7.0|
||2016|4.0|
||2017|7.0|
||2018|11.0|
||2019|10.0|
||2020|13.0|
||2021|16.0|
||2022|13.0|
||2023|18.0|
||2024|12.0|
|3. (15-64) ve Kadın ve 4. (20-24) ve 23. (İlköğretim)|2014|299.0|
||2015|290.0|
||2016|287.0|
||2017|296.0|
||2018|260.0|
||2019|198.0|
||2020|111.0|
|3. (15-64) ve Kadın ve 4. (20-24) ve 24. (Ortaokul Veya Dengi Meslek Ortaokul)|2014|1.0|
||2015|2.0|
||2016|3.0|
||2017|8.0|
||2018|26.0|
||2019|63.0|
||2020|94.0|
|3. (15-64) ve Kadın ve 4. (20-24) ve 25. (Genel Ortaokul/ Mesleki Veya Teknik Ortaokul/İlkögretim)|2021|180.0|
||2022|161.0|
||2023|139.0|
||2024|114.0|
|3. (15-64) ve Kadın ve 4. (20-24) ve 31. (Genel Lise)|2014|164.0|
||2015|171.0|
||2016|156.0|
||2017|162.0|
||2018|163.0|
||2019|181.0|
||2020|168.0|
||2021|226.0|
||2022|258.0|
||2023|302.0|
||2024|299.0|
|3. (15-64) ve Kadın ve 4. (20-24) ve 32. (Lise Dengi Mesleki Okul)|2014|165.0|
||2015|195.0|
||2016|213.0|
||2017|203.0|
||2018|229.0|
||2019|269.0|
||2020|242.0|
||2021|271.0|
||2022|300.0|
||2023|316.0|
||2024|296.0|
|3. (15-64) ve Kadın ve 4. (20-24) ve 4. (Yüksek Öğretim)|2014|357.0|
||2015|423.0|
||2016|466.0|
||2017|525.0|
||2018|525.0|
||2019|555.0|
||2020|514.0|
||2021|587.0|
||2022|586.0|
||2023|579.0|
||2024|582.0|
|3. (15-64) ve Kadın ve 51. (25-29) ve 1. (Okuma Yazma Bilmeyen)|2014|37.0|
||2015|34.0|
||2016|24.0|
||2017|35.0|
||2018|28.0|
||2019|29.0|
||2020|17.0|
||2021|13.0|
||2022|21.0|
||2023|14.0|
||2024|5.0|
|3. (15-64) ve Kadın ve 51. (25-29) ve 21. (Okuma Yazma Bilen Fakat Bir Okul Bitirmeyen)|2014|58.0|
||2015|59.0|
||2016|66.0|
||2017|75.0|
||2018|66.0|
||2019|68.0|
||2020|47.0|
||2021|39.0|
||2022|41.0|
||2023|27.0|
||2024|26.0|
|3. (15-64) ve Kadın ve 51. (25-29) ve 22. (İlkokul)|2014|162.0|
||2015|98.0|
||2016|58.0|
||2017|25.0|
||2018|18.0|
||2019|12.0|
||2020|8.0|
||2021|7.0|
||2022|11.0|
||2023|8.0|
||2024|11.0|
|3. (15-64) ve Kadın ve 51. (25-29) ve 23. (İlköğretim)|2014|135.0|
||2015|182.0|
||2016|213.0|
||2017|244.0|
||2018|233.0|
||2019|243.0|
||2020|212.0|
|3. (15-64) ve Kadın ve 51. (25-29) ve 24. (Ortaokul Veya Dengi Meslek Ortaokul)|2014|44.0|
||2015|28.0|
||2016|17.0|
||2017|8.0|
||2018|9.0|
||2019|7.0|
||2020|8.0|
|3. (15-64) ve Kadın ve 51. (25-29) ve 25. (Genel Ortaokul/ Mesleki Veya Teknik Ortaokul/İlkögretim)|2021|216.0|
||2022|221.0|
||2023|185.0|
||2024|153.0|
|3. (15-64) ve Kadın ve 51. (25-29) ve 31. (Genel Lise)|2014|169.0|
||2015|157.0|
||2016|169.0|
||2017|170.0|
||2018|158.0|
||2019|139.0|
||2020|114.0|
||2021|129.0|
||2022|171.0|
||2023|174.0|
||2024|197.0|
|3. (15-64) ve Kadın ve 51. (25-29) ve 32. (Lise Dengi Mesleki Okul)|2014|120.0|
||2015|116.0|
||2016|112.0|
||2017|114.0|
||2018|119.0|
||2019|128.0|
||2020|110.0|
||2021|107.0|
||2022|135.0|
||2023|167.0|
||2024|172.0|
|3. (15-64) ve Kadın ve 51. (25-29) ve 4. (Yüksek Öğretim)|2014|609.0|
||2015|682.0|
||2016|750.0|
||2017|800.0|
||2018|851.0|
||2019|896.0|
||2020|891.0|
||2021|1016.0|
||2022|1058.0|
||2023|1137.0|
||2024|1170.0|
|3. (15-64) ve Kadın ve 52. (30-34) ve 1. (Okuma Yazma Bilmeyen)|2014|44.0|
||2015|38.0|
||2016|33.0|
||2017|38.0|
||2018|44.0|
||2019|43.0|
||2020|33.0|
||2021|34.0|
||2022|34.0|
||2023|30.0|
||2024|24.0|
|3. (15-64) ve Kadın ve 52. (30-34) ve 21. (Okuma Yazma Bilen Fakat Bir Okul Bitirmeyen)|2014|34.0|
||2015|32.0|
||2016|37.0|
||2017|41.0|
||2018|51.0|
||2019|70.0|
||2020|56.0|
||2021|48.0|
||2022|62.0|
||2023|62.0|
||2024|62.0|
|3. (15-64) ve Kadın ve 52. (30-34) ve 22. (İlkokul)|2014|421.0|
||2015|387.0|
||2016|373.0|
||2017|340.0|
||2018|263.0|
||2019|192.0|
||2020|115.0|
||2021|78.0|
||2022|43.0|
||2023|29.0|
||2024|17.0|
|3. (15-64) ve Kadın ve 52. (30-34) ve 23. (İlköğretim)|2014|14.0|
||2015|10.0|
||2016|22.0|
||2017|37.0|
||2018|84.0|
||2019|116.0|
||2020|128.0|
|3. (15-64) ve Kadın ve 52. (30-34) ve 24. (Ortaokul Veya Dengi Meslek Ortaokul)|2014|99.0|
||2015|108.0|
||2016|95.0|
||2017|89.0|
||2018|96.0|
||2019|77.0|
||2020|49.0|
|3. (15-64) ve Kadın ve 52. (30-34) ve 25. (Genel Ortaokul/ Mesleki Veya Teknik Ortaokul/İlkögretim)|2021|228.0|
||2022|242.0|
||2023|219.0|
||2024|226.0|
|3. (15-64) ve Kadın ve 52. (30-34) ve 31. (Genel Lise)|2014|134.0|
||2015|129.0|
||2016|132.0|
||2017|134.0|
||2018|147.0|
||2019|174.0|
||2020|153.0|
||2021|166.0|
||2022|204.0|
||2023|194.0|
||2024|187.0|
|3. (15-64) ve Kadın ve 52. (30-34) ve 32. (Lise Dengi Mesleki Okul)|2014|111.0|
||2015|115.0|
||2016|121.0|
||2017|121.0|
||2018|113.0|
||2019|108.0|
||2020|98.0|
||2021|98.0|
||2022|107.0|
||2023|118.0|
||2024|111.0|
|3. (15-64) ve Kadın ve 52. (30-34) ve 4. (Yüksek Öğretim)|2014|494.0|
||2015|542.0|
||2016|582.0|
||2017|621.0|
||2018|631.0|
||2019|696.0|
||2020|681.0|
||2021|751.0|
||2022|847.0|
||2023|884.0|
||2024|940.0|
|3. (15-64) ve Kadın ve 61. (35-39) ve 1. (Okuma Yazma Bilmeyen)|2014|59.0|
||2015|55.0|
||2016|59.0|
||2017|61.0|
||2018|57.0|
||2019|58.0|
||2020|46.0|
||2021|45.0|
||2022|47.0|
||2023|48.0|
||2024|44.0|
|3. (15-64) ve Kadın ve 61. (35-39) ve 21. (Okuma Yazma Bilen Fakat Bir Okul Bitirmeyen)|2014|24.0|
||2015|30.0|
||2016|33.0|
||2017|43.0|
||2018|41.0|
||2019|44.0|
||2020|37.0|
||2021|41.0|
||2022|50.0|
||2023|52.0|
||2024|56.0|
|3. (15-64) ve Kadın ve 61. (35-39) ve 22. (İlkokul)|2014|525.0|
||2015|539.0|
||2016|528.0|
||2017|554.0|
||2018|539.0|
||2019|500.0|
||2020|416.0|
||2021|396.0|
||2022|370.0|
||2023|284.0|
||2024|229.0|
|3. (15-64) ve Kadın ve 61. (35-39) ve 23. (İlköğretim)|2014|9.0|
||2015|10.0|
||2016|9.0|
||2017|6.0|
||2018|6.0|
||2019|5.0|
||2020|4.0|
|3. (15-64) ve Kadın ve 61. (35-39) ve 24. (Ortaokul Veya Dengi Meslek Ortaokul)|2014|64.0|
||2015|77.0|
||2016|100.0|
||2017|103.0|
||2018|114.0|
||2019|127.0|
||2020|125.0|
|3. (15-64) ve Kadın ve 61. (35-39) ve 25. (Genel Ortaokul/ Mesleki Veya Teknik Ortaokul/İlkögretim)|2021|132.0|
||2022|152.0|
||2023|177.0|
||2024|221.0|
|3. (15-64) ve Kadın ve 61. (35-39) ve 31. (Genel Lise)|2014|121.0|
||2015|126.0|
||2016|146.0|
||2017|156.0|
||2018|159.0|
||2019|150.0|
||2020|132.0|
||2021|154.0|
||2022|204.0|
||2023|232.0|
||2024|245.0|
|3. (15-64) ve Kadın ve 61. (35-39) ve 32. (Lise Dengi Mesleki Okul)|2014|95.0|
||2015|108.0|
||2016|117.0|
||2017|127.0|
||2018|131.0|
||2019|133.0|
||2020|118.0|
||2021|105.0|
||2022|107.0|
||2023|124.0|
||2024|108.0|
|3. (15-64) ve Kadın ve 61. (35-39) ve 4. (Yüksek Öğretim)|2014|327.0|
||2015|374.0|
||2016|432.0|
||2017|487.0|
||2018|520.0|
||2019|523.0|
||2020|561.0|
||2021|585.0|
||2022|626.0|
||2023|675.0|
||2024|718.0|
|3. (15-64) ve Kadın ve 62. (40-44) ve 1. (Okuma Yazma Bilmeyen)|2014|87.0|
||2015|83.0|
||2016|76.0|
||2017|77.0|
||2018|78.0|
||2019|66.0|
||2020|51.0|
||2021|68.0|
||2022|83.0|
||2023|70.0|
||2024|71.0|
|3. (15-64) ve Kadın ve 62. (40-44) ve 21. (Okuma Yazma Bilen Fakat Bir Okul Bitirmeyen)|2014|38.0|
||2015|34.0|
||2016|40.0|
||2017|35.0|
||2018|38.0|
||2019|39.0|
||2020|31.0|
||2021|36.0|
||2022|49.0|
||2023|55.0|
||2024|53.0|
|3. (15-64) ve Kadın ve 62. (40-44) ve 22. (İlkokul)|2014|582.0|
||2015|627.0|
||2016|645.0|
||2017|637.0|
||2018|629.0|
||2019|626.0|
||2020|552.0|
||2021|574.0|
||2022|606.0|
||2023|569.0|
||2024|531.0|
|3. (15-64) ve Kadın ve 62. (40-44) ve 23. (İlköğretim)|2014|4.0|
||2015|5.0|
||2016|6.0|
||2017|6.0|
||2018|6.0|
||2019|6.0|
||2020|3.0|
|3. (15-64) ve Kadın ve 62. (40-44) ve 24. (Ortaokul Veya Dengi Meslek Ortaokul)|2014|62.0|
||2015|68.0|
||2016|77.0|
||2017|79.0|
||2018|95.0|
||2019|93.0|
||2020|100.0|
|3. (15-64) ve Kadın ve 62. (40-44) ve 25. (Genel Ortaokul/ Mesleki Veya Teknik Ortaokul/İlkögretim)|2021|112.0|
||2022|122.0|
||2023|139.0|
||2024|153.0|
|3. (15-64) ve Kadın ve 62. (40-44) ve 31. (Genel Lise)|2014|79.0|
||2015|88.0|
||2016|87.0|
||2017|106.0|
||2018|123.0|
||2019|131.0|
||2020|132.0|
||2021|163.0|
||2022|207.0|
||2023|218.0|
||2024|220.0|
|3. (15-64) ve Kadın ve 62. (40-44) ve 32. (Lise Dengi Mesleki Okul)|2014|53.0|
||2015|59.0|
||2016|67.0|
||2017|83.0|
||2018|92.0|
||2019|95.0|
||2020|88.0|
||2021|86.0|
||2022|108.0|
||2023|120.0|
||2024|114.0|
|3. (15-64) ve Kadın ve 62. (40-44) ve 4. (Yüksek Öğretim)|2014|187.0|
||2015|212.0|
||2016|249.0|
||2017|281.0|
||2018|297.0|
||2019|343.0|
||2020|388.0|
||2021|423.0|
||2022|449.0|
||2023|487.0|
||2024|522.0|
|3. (15-64) ve Kadın ve 63. (45-49) ve 1. (Okuma Yazma Bilmeyen)|2014|98.0|
||2015|100.0|
||2016|87.0|
||2017|87.0|
||2018|89.0|
||2019|96.0|
||2020|70.0|
||2021|65.0|
||2022|71.0|
||2023|66.0|
||2024|63.0|
|3. (15-64) ve Kadın ve 63. (45-49) ve 21. (Okuma Yazma Bilen Fakat Bir Okul Bitirmeyen)|2014|47.0|
||2015|45.0|
||2016|42.0|
||2017|43.0|
||2018|49.0|
||2019|49.0|
||2020|34.0|
||2021|34.0|
||2022|39.0|
||2023|38.0|
||2024|34.0|
|3. (15-64) ve Kadın ve 63. (45-49) ve 22. (İlkokul)|2014|405.0|
||2015|414.0|
||2016|455.0|
||2017|507.0|
||2018|571.0|
||2019|585.0|
||2020|537.0|
||2021|555.0|
||2022|595.0|
||2023|593.0|
||2024|621.0|
|3. (15-64) ve Kadın ve 63. (45-49) ve 23. (İlköğretim)|2014|1.0|
||2015|1.0|
||2016|1.0|
||2017|1.0|
||2018|2.0|
||2019|5.0|
||2020|1.0|
|3. (15-64) ve Kadın ve 63. (45-49) ve 24. (Ortaokul Veya Dengi Meslek Ortaokul)|2014|40.0|
||2015|46.0|
||2016|49.0|
||2017|63.0|
||2018|72.0|
||2019|85.0|
||2020|84.0|
|3. (15-64) ve Kadın ve 63. (45-49) ve 25. (Genel Ortaokul/ Mesleki Veya Teknik Ortaokul/İlkögretim)|2021|101.0|
||2022|106.0|
||2023|100.0|
||2024|98.0|
|3. (15-64) ve Kadın ve 63. (45-49) ve 31. (Genel Lise)|2014|48.0|
||2015|52.0|
||2016|63.0|
||2017|68.0|
||2018|78.0|
||2019|79.0|
||2020|97.0|
||2021|111.0|
||2022|132.0|
||2023|148.0|
||2024|168.0|
|3. (15-64) ve Kadın ve 63. (45-49) ve 32. (Lise Dengi Mesleki Okul)|2014|30.0|
||2015|34.0|
||2016|32.0|
||2017|43.0|
||2018|47.0|
||2019|48.0|
||2020|50.0|
||2021|61.0|
||2022|75.0|
||2023|70.0|
||2024|78.0|
|3. (15-64) ve Kadın ve 63. (45-49) ve 4. (Yüksek Öğretim)|2014|116.0|
||2015|121.0|
||2016|141.0|
||2017|167.0|
||2018|181.0|
||2019|198.0|
||2020|221.0|
||2021|252.0|
||2022|273.0|
||2023|290.0|
||2024|324.0|
|3. (15-64) ve Kadın ve 64. (50-54) ve 1. (Okuma Yazma Bilmeyen)|2014|112.0|
||2015|121.0|
||2016|105.0|
||2017|122.0|
||2018|110.0|
||2019|92.0|
||2020|73.0|
||2021|69.0|
||2022|76.0|
||2023|73.0|
||2024|84.0|
|3. (15-64) ve Kadın ve 64. (50-54) ve 21. (Okuma Yazma Bilen Fakat Bir Okul Bitirmeyen)|2014|39.0|
||2015|43.0|
||2016|47.0|
||2017|45.0|
||2018|55.0|
||2019|44.0|
||2020|36.0|
||2021|30.0|
||2022|36.0|
||2023|39.0|
||2024|44.0|
|3. (15-64) ve Kadın ve 64. (50-54) ve 22. (İlkokul)|2014|280.0|
||2015|316.0|
||2016|340.0|
||2017|378.0|
||2018|363.0|
||2019|363.0|
||2020|328.0|
||2021|394.0|
||2022|441.0|
||2023|465.0|
||2024|505.0|
|3. (15-64) ve Kadın ve 64. (50-54) ve 23. (İlköğretim)|2014|0.0|
||2015|1.0|
||2016|1.0|
||2017|1.0|
||2018|1.0|
||2019|0.0|
||2020|1.0|
|3. (15-64) ve Kadın ve 64. (50-54) ve 24. (Ortaokul Veya Dengi Meslek Ortaokul)|2014|22.0|
||2015|25.0|
||2016|31.0|
||2017|31.0|
||2018|50.0|
||2019|48.0|
||2020|41.0|
|3. (15-64) ve Kadın ve 64. (50-54) ve 25. (Genel Ortaokul/ Mesleki Veya Teknik Ortaokul/İlkögretim)|2021|49.0|
||2022|59.0|
||2023|70.0|
||2024|78.0|
|3. (15-64) ve Kadın ve 64. (50-54) ve 31. (Genel Lise)|2014|28.0|
||2015|31.0|
||2016|37.0|
||2017|33.0|
||2018|38.0|
||2019|45.0|
||2020|48.0|
||2021|61.0|
||2022|65.0|
||2023|78.0|
||2024|102.0|
|3. (15-64) ve Kadın ve 64. (50-54) ve 32. (Lise Dengi Mesleki Okul)|2014|16.0|
||2015|18.0|
||2016|19.0|
||2017|23.0|
||2018|26.0|
||2019|30.0|
||2020|23.0|
||2021|28.0|
||2022|27.0|
||2023|38.0|
||2024|40.0|
|3. (15-64) ve Kadın ve 64. (50-54) ve 4. (Yüksek Öğretim)|2014|61.0|
||2015|72.0|
||2016|73.0|
||2017|82.0|
||2018|95.0|
||2019|107.0|
||2020|132.0|
||2021|132.0|
||2022|153.0|
||2023|164.0|
||2024|166.0|
|3. (15-64) ve Kadın ve 71. (55-59) ve 1. (Okuma Yazma Bilmeyen)|2014|115.0|
||2015|107.0|
||2016|96.0|
||2017|98.0|
||2018|102.0|
||2019|97.0|
||2020|74.0|
||2021|73.0|
||2022|77.0|
||2023|79.0|
||2024|81.0|
|3. (15-64) ve Kadın ve 71. (55-59) ve 21. (Okuma Yazma Bilen Fakat Bir Okul Bitirmeyen)|2014|45.0|
||2015|40.0|
||2016|38.0|
||2017|45.0|
||2018|47.0|
||2019|41.0|
||2020|35.0|
||2021|41.0|
||2022|45.0|
||2023|36.0|
||2024|36.0|
|3. (15-64) ve Kadın ve 71. (55-59) ve 22. (İlkokul)|2014|152.0|
||2015|175.0|
||2016|187.0|
||2017|204.0|
||2018|237.0|
||2019|257.0|
||2020|241.0|
||2021|279.0|
||2022|296.0|
||2023|307.0|
||2024|320.0|
|3. (15-64) ve Kadın ve 71. (55-59) ve 23. (İlköğretim)|2014|1.0|
||2015|0.0|
||2016|0.0|
||2017|0.0|
||2018|1.0|
||2019|1.0|
||2020|0.0|
|3. (15-64) ve Kadın ve 71. (55-59) ve 24. (Ortaokul Veya Dengi Meslek Ortaokul)|2014|8.0|
||2015|9.0|
||2016|11.0|
||2017|13.0|
||2018|12.0|
||2019|18.0|
||2020|21.0|
|3. (15-64) ve Kadın ve 71. (55-59) ve 25. (Genel Ortaokul/ Mesleki Veya Teknik Ortaokul/İlkögretim)|2021|24.0|
||2022|27.0|
||2023|34.0|
||2024|47.0|
|3. (15-64) ve Kadın ve 71. (55-59) ve 31. (Genel Lise)|2014|8.0|
||2015|13.0|
||2016|14.0|
||2017|18.0|
||2018|18.0|
||2019|19.0|
||2020|23.0|
||2021|28.0|
||2022|32.0|
||2023|34.0|
||2024|36.0|
|3. (15-64) ve Kadın ve 71. (55-59) ve 32. (Lise Dengi Mesleki Okul)|2014|7.0|
||2015|7.0|
||2016|10.0|
||2017|12.0|
||2018|12.0|
||2019|13.0|
||2020|13.0|
||2021|14.0|
||2022|20.0|
||2023|18.0|
||2024|23.0|
|3. (15-64) ve Kadın ve 71. (55-59) ve 4. (Yüksek Öğretim)|2014|29.0|
||2015|34.0|
||2016|35.0|
||2017|28.0|
||2018|36.0|
||2019|48.0|
||2020|53.0|
||2021|60.0|
||2022|66.0|
||2023|73.0|
||2024|93.0|
|3. (15-64) ve Kadın ve 72. (60-64) ve 1. (Okuma Yazma Bilmeyen)|2014|98.0|
||2015|97.0|
||2016|107.0|
||2017|102.0|
||2018|99.0|
||2019|89.0|
||2020|68.0|
||2021|61.0|
||2022|68.0|
||2023|68.0|
||2024|73.0|
|3. (15-64) ve Kadın ve 72. (60-64) ve 21. (Okuma Yazma Bilen Fakat Bir Okul Bitirmeyen)|2014|35.0|
||2015|36.0|
||2016|34.0|
||2017|37.0|
||2018|44.0|
||2019|38.0|
||2020|26.0|
||2021|23.0|
||2022|27.0|
||2023|31.0|
||2024|35.0|
|3. (15-64) ve Kadın ve 72. (60-64) ve 22. (İlkokul)|2014|70.0|
||2015|79.0|
||2016|92.0|
||2017|112.0|
||2018|122.0|
||2019|112.0|
||2020|109.0|
||2021|135.0|
||2022|153.0|
||2023|183.0|
||2024|208.0|
|3. (15-64) ve Kadın ve 72. (60-64) ve 23. (İlköğretim)|2014|0.0|
||2015|-9.93E8|
||2016|0.0|
||2017|-9.93E8|
||2018|-9.93E8|
||2019|-9.93E8|
||2020|-9.93E8|
|3. (15-64) ve Kadın ve 72. (60-64) ve 24. (Ortaokul Veya Dengi Meslek Ortaokul)|2014|2.0|
||2015|3.0|
||2016|4.0|
||2017|4.0|
||2018|6.0|
||2019|7.0|
||2020|6.0|
|3. (15-64) ve Kadın ve 72. (60-64) ve 25. (Genel Ortaokul/ Mesleki Veya Teknik Ortaokul/İlkögretim)|2021|8.0|
||2022|6.0|
||2023|14.0|
||2024|14.0|
|3. (15-64) ve Kadın ve 72. (60-64) ve 31. (Genel Lise)|2014|3.0|
||2015|2.0|
||2016|2.0|
||2017|4.0|
||2018|5.0|
||2019|11.0|
||2020|11.0|
||2021|13.0|
||2022|12.0|
||2023|18.0|
||2024|22.0|
|3. (15-64) ve Kadın ve 72. (60-64) ve 32. (Lise Dengi Mesleki Okul)|2014|1.0|
||2015|2.0|
||2016|3.0|
||2017|4.0|
||2018|4.0|
||2019|4.0|
||2020|6.0|
||2021|8.0|
||2022|8.0|
||2023|10.0|
||2024|11.0|
|3. (15-64) ve Kadın ve 72. (60-64) ve 4. (Yüksek Öğretim)|2014|8.0|
||2015|10.0|
||2016|16.0|
||2017|20.0|
||2018|21.0|
||2019|17.0|
||2020|19.0|
||2021|21.0|
||2022|24.0|
||2023|25.0|
||2024|31.0|
||||
